#separator \x09
#set_separator	,
#empty_field	(empty)
#unset_field	-
#path	telemetry
#open	2026-02-20-10-34-24
#fields	ts	peer	metric_type	name	labels	label_values	value
#types	time	string	string	string	vector[string]	vector[string]	double
1771558464.979749	zeek	counter	zeek_log_stream_writes_total	module,stream	LoadedScripts,LoadedScripts::LOG	535.0
1771558464.979749	zeek	counter	zeek_log_stream_writes_total	module,stream	PacketFilter,PacketFilter::LOG	1.0
1771558464.979749	zeek	counter	zeek_log_writer_writes_total	filter_name,module,path,stream,writer	default,LoadedScripts,loaded_scripts,LoadedScripts::LOG,Log::WRITER_ASCII	535.0
1771558464.979749	zeek	counter	zeek_log_writer_writes_total	filter_name,module,path,stream,writer	default,PacketFilter,packet_filter,PacketFilter::LOG,Log::WRITER_ASCII	1.0
1771558464.979749	zeek	counter	zeek_log_writer_discarded_writes_total	filter_name,module,path,stream,writer	default,LoadedScripts,loaded_scripts,LoadedScripts::LOG,Log::WRITER_ASCII	0.0
1771558464.979749	zeek	counter	zeek_log_writer_discarded_writes_total	filter_name,module,path,stream,writer	default,PacketFilter,packet_filter,PacketFilter::LOG,Log::WRITER_ASCII	0.0
1771558464.979749	zeek	counter	zeek_log_writer_truncated_string_fields_total	filter_name,module,path,stream,writer	default,LoadedScripts,loaded_scripts,LoadedScripts::LOG,Log::WRITER_ASCII	0.0
1771558464.979749	zeek	counter	zeek_log_writer_truncated_string_fields_total	filter_name,module,path,stream,writer	default,PacketFilter,packet_filter,PacketFilter::LOG,Log::WRITER_ASCII	0.0
1771558464.979749	zeek	counter	zeek_log_writer_truncated_containers_total	filter_name,module,path,stream,writer	default,LoadedScripts,loaded_scripts,LoadedScripts::LOG,Log::WRITER_ASCII	0.0
1771558464.979749	zeek	counter	zeek_log_writer_truncated_containers_total	filter_name,module,path,stream,writer	default,PacketFilter,packet_filter,PacketFilter::LOG,Log::WRITER_ASCII	0.0
1771558464.979749	zeek	counter	zeek_net_received_bytes_total	(empty)	(empty)	0.0
1771558464.979749	zeek	counter	zeek_net_received_packets_total	(empty)	(empty)	0.0
1771558464.979749	zeek	counter	zeek_net_dropped_packets_total	(empty)	(empty)	0.0
1771558464.979749	zeek	counter	zeek_net_link_packets_total	(empty)	(empty)	0.0
1771558464.979749	zeek	counter	zeek_msgthread_threads_total	(empty)	(empty)	2.0
1771558464.979749	zeek	counter	zeek_msgthread_in_messages_total	(empty)	(empty)	4.0
1771558464.979749	zeek	counter	zeek_msgthread_out_messages_total	(empty)	(empty)	0.0
1771558464.979749	zeek	counter	zeek_cluster_core_outgoing_events_total	(empty)	(empty)	0.0
1771558464.979749	zeek	counter	zeek_cluster_core_incoming_events_total	(empty)	(empty)	0.0
1771558464.979749	zeek	counter	zeek_broker_incoming_events_total	(empty)	(empty)	0.0
1771558464.979749	zeek	counter	zeek_broker_outgoing_events_total	(empty)	(empty)	0.0
1771558464.979749	zeek	counter	zeek_broker_incoming_logs_total	(empty)	(empty)	0.0
1771558464.979749	zeek	counter	zeek_broker_outgoing_logs_total	(empty)	(empty)	0.0
1771558464.979749	zeek	counter	zeek_broker_incoming_ids_total	(empty)	(empty)	0.0
1771558464.979749	zeek	counter	zeek_broker_outgoing_ids_total	(empty)	(empty)	0.0
1771558464.979749	zeek	counter	zeek_timers_total	(empty)	(empty)	124.0
1771558464.979749	zeek	counter	zeek_dnsmgr_requests_total	(empty)	(empty)	0.0
1771558464.979749	zeek	counter	zeek_dnsmgr_successful_requests_total	(empty)	(empty)	0.0
1771558464.979749	zeek	counter	zeek_dnsmgr_failed_requests_total	(empty)	(empty)	0.0
1771558464.979749	zeek	counter	zeek_triggers_total	(empty)	(empty)	0.0
1771558464.979749	zeek	counter	zeek_ended_sessions_total	reason	inactivity	0.0
1771558464.979749	zeek	counter	zeek_event_handler_invocations_total	name	Telemetry::log	1.0
1771558464.979749	zeek	counter	zeek_event_handler_invocations_total	name	ChecksumOffloading::check	1.0
1771558464.979749	zeek	counter	zeek_event_handler_invocations_total	name	Broker::log_flush	1.0
1771558464.979749	zeek	counter	zeek_event_handler_invocations_total	name	filter_change_tracking	1.0
1771558464.979749	zeek	counter	zeek_event_handler_invocations_total	name	NetControl::init	1.0
1771558464.979749	zeek	counter	zeek_event_handler_invocations_total	name	grab_vulnerable_versions	1.0
1771558464.979749	zeek	counter	zeek_event_handler_invocations_total	name	zeek_script_loaded	535.0
1771558464.979749	zeek	counter	zeek_event_handler_invocations_total	name	zeek_init	1.0
1771558464.979749	zeek	counter	zeek_total_sessions_total	protocol	icmp	0.0
1771558464.979749	zeek	counter	zeek_total_sessions_total	protocol	udp	0.0
1771558464.979749	zeek	counter	zeek_total_sessions_total	protocol	tcp	0.0
1771558464.979749	zeek	gauge	zeek_version_info	beta,commit,debug,major,minor,patch,version_number,version_string	false,0,false,8,1,0,80100,8.1.0	1.0
1771558464.979749	zeek	gauge	zeek_net_packet_lag_seconds	(empty)	(empty)	0.000297
1771558464.979749	zeek	gauge	zeek_net_timestamp_seconds	(empty)	(empty)	1771558464.979749
1771558464.979749	zeek	gauge	zeek_msgthread_active_threads	(empty)	(empty)	2.0
1771558464.979749	zeek	gauge	zeek_msgthread_pending_in_messages	(empty)	(empty)	0.0
1771558464.979749	zeek	gauge	zeek_msgthread_pending_out_messages	(empty)	(empty)	0.0
1771558464.979749	zeek	gauge	zeek_msgthread_pending_messages_in_buckets	leq	inf	2.0
1771558464.979749	zeek	gauge	zeek_msgthread_pending_messages_in_buckets	leq	1000	2.0
1771558464.979749	zeek	gauge	zeek_msgthread_pending_messages_in_buckets	leq	10000	2.0
1771558464.979749	zeek	gauge	zeek_msgthread_pending_messages_in_buckets	leq	10	2.0
1771558464.979749	zeek	gauge	zeek_msgthread_pending_messages_in_buckets	leq	100	2.0
1771558464.979749	zeek	gauge	zeek_msgthread_pending_messages_in_buckets	leq	1	2.0
1771558464.979749	zeek	gauge	zeek_msgthread_pending_messages_out_buckets	leq	inf	2.0
1771558464.979749	zeek	gauge	zeek_msgthread_pending_messages_out_buckets	leq	1000	2.0
1771558464.979749	zeek	gauge	zeek_msgthread_pending_messages_out_buckets	leq	10000	2.0
1771558464.979749	zeek	gauge	zeek_msgthread_pending_messages_out_buckets	leq	10	2.0
1771558464.979749	zeek	gauge	zeek_msgthread_pending_messages_out_buckets	leq	100	2.0
1771558464.979749	zeek	gauge	zeek_msgthread_pending_messages_out_buckets	leq	1	2.0
1771558464.979749	zeek	gauge	zeek_broker_peers	(empty)	(empty)	0.0
1771558464.979749	zeek	gauge	zeek_broker_stores	(empty)	(empty)	1.0
1771558464.979749	zeek	gauge	zeek_broker_pending_queries	(empty)	(empty)	0.0
1771558464.979749	zeek	gauge	zeek_timers_lag_time_seconds	(empty)	(empty)	1771554864.979749
1771558464.979749	zeek	gauge	zeek_timers_pending	type	StorageExpire	1.0
1771558464.979749	zeek	gauge	zeek_timers_pending	type	LogDelayExpire	0.0
1771558464.979749	zeek	gauge	zeek_timers_pending	type	UnknownProtocolExpire	0.0
1771558464.979749	zeek	gauge	zeek_timers_pending	type	TimerMgrExpireTimer	0.0
1771558464.979749	zeek	gauge	zeek_timers_pending	type	LogFlushWriteBufferTimer	1.0
1771558464.979749	zeek	gauge	zeek_timers_pending	type	ParentProcessIDCheck	0.0
1771558464.979749	zeek	gauge	zeek_timers_pending	type	TriggerTimer	0.0
1771558464.979749	zeek	gauge	zeek_timers_pending	type	TCPConnectionResetTimer	0.0
1771558464.979749	zeek	gauge	zeek_timers_pending	type	TCPConnectionAttemptTimer	0.0
1771558464.979749	zeek	gauge	zeek_timers_pending	type	TableValTimer	34.0
1771558464.979749	zeek	gauge	zeek_timers_pending	type	NetworkTimer	0.0
1771558464.979749	zeek	gauge	zeek_timers_pending	type	RemoveConnection	0.0
1771558464.979749	zeek	gauge	zeek_timers_pending	type	NetWeirdTimer	0.0
1771558464.979749	zeek	gauge	zeek_timers_pending	type	IPTunnelInactivityTimer	0.0
1771558464.979749	zeek	gauge	zeek_timers_pending	type	RotateTimer	0.0
1771558464.979749	zeek	gauge	zeek_timers_pending	type	InterconnTimer	0.0
1771558464.979749	zeek	gauge	zeek_timers_pending	type	NTPExpireTimer	0.0
1771558464.979749	zeek	gauge	zeek_timers_pending	type	FragTimer	0.0
1771558464.979749	zeek	gauge	zeek_timers_pending	type	ScheduleTimer	2.0
1771558464.979749	zeek	gauge	zeek_timers_pending	type	TCPConnectionPartialClose	0.0
1771558464.979749	zeek	gauge	zeek_timers_pending	type	TCPConnectionExpireTimer	0.0
1771558464.979749	zeek	gauge	zeek_timers_pending	type	FlowWeirdTimer	0.0
1771558464.979749	zeek	gauge	zeek_timers_pending	type	ConnectionInactivityTimer	0.0
1771558464.979749	zeek	gauge	zeek_timers_pending	type	ThreadHeartbeat	1.0
1771558464.979749	zeek	gauge	zeek_timers_pending	type	BackdoorTimer	0.0
1771558464.979749	zeek	gauge	zeek_timers_pending	type	FileAnalysisInactivityTimer	0.0
1771558464.979749	zeek	gauge	zeek_timers_pending	type	ConnectionStatusUpdateTimer	0.0
1771558464.979749	zeek	gauge	zeek_timers_pending	type	TCPConnectionDeleteTimer	0.0
1771558464.979749	zeek	gauge	zeek_timers_pending	type	ProfileTimer	0.0
1771558464.979749	zeek	gauge	zeek_timers_pending	type	ConnectionExpireTimer	0.0
1771558464.979749	zeek	gauge	zeek_timers_pending	type	DNSExpireTimer	0.0
1771558464.979749	zeek	gauge	zeek_timers_pending	type	BreakpointTimer	0.0
1771558464.979749	zeek	gauge	zeek_timers_pending	type	RPCExpireTimer	0.0
1771558464.979749	zeek	gauge	zeek_timers_pending	type	NetbiosExpireTimer	0.0
1771558464.979749	zeek	gauge	zeek_timers_pending	type	ConnTupleWeirdTimer	0.0
1771558464.979749	zeek	gauge	zeek_timers_pending	type	ConnectionDeleteTimer	0.0
1771558464.979749	zeek	gauge	zeek_dnsmgr_pending_asyncs_requests	(empty)	(empty)	0.0
1771558464.979749	zeek	gauge	zeek_dnsmgr_cache_entries	type	text	0.0
1771558464.979749	zeek	gauge	zeek_dnsmgr_cache_entries	type	address	0.0
1771558464.979749	zeek	gauge	zeek_dnsmgr_cache_entries	type	host	0.0
1771558464.979749	zeek	gauge	zeek_pending_triggers	(empty)	(empty)	0.0
1771558464.979749	zeek	gauge	zeek_active_sessions	protocol	icmp	0.0
1771558464.979749	zeek	gauge	zeek_active_sessions	protocol	udp	0.0
1771558464.979749	zeek	gauge	zeek_active_sessions	protocol	tcp	0.0
1771558464.979749	zeek	counter	process_cpu_user_seconds_total	(empty)	(empty)	0.119
1771558464.979749	zeek	counter	process_cpu_system_seconds_total	(empty)	(empty)	0.066
1771558464.979749	zeek	gauge	process_resident_memory_bytes	(empty)	(empty)	100319232.0
1771558464.979749	zeek	gauge	process_virtual_memory_bytes	(empty)	(empty)	445843750912.0
1771558464.979749	zeek	gauge	process_open_fds	(empty)	(empty)	25.0
1771558464.979749	zeek	gauge	process_start_time_seconds	(empty)	(empty)	1771558464.652221
1771558524.981929	zeek	counter	zeek_log_stream_writes_total	module,stream	HTTP,HTTP::LOG	2.0
1771558524.981929	zeek	counter	zeek_log_stream_writes_total	module,stream	Conn,Conn::LOG	96.0
1771558524.981929	zeek	counter	zeek_log_stream_writes_total	module,stream	OCSP,OCSP::LOG	1.0
1771558524.981929	zeek	counter	zeek_log_stream_writes_total	module,stream	Files,Files::LOG	5.0
1771558524.981929	zeek	counter	zeek_log_stream_writes_total	module,stream	Known,Known::HOSTS_LOG	3.0
1771558524.981929	zeek	counter	zeek_log_stream_writes_total	module,stream	X509,X509::LOG	2.0
1771558524.981929	zeek	counter	zeek_log_stream_writes_total	module,stream	SSL,SSL::LOG	52.0
1771558524.981929	zeek	counter	zeek_log_stream_writes_total	module,stream	DHCP,DHCP::LOG	9.0
1771558524.981929	zeek	counter	zeek_log_stream_writes_total	module,stream	Stats,Stats::LOG	1.0
1771558524.981929	zeek	counter	zeek_log_stream_writes_total	module,stream	Weird,Weird::LOG	9.0
1771558524.981929	zeek	counter	zeek_log_stream_writes_total	module,stream	LoadedScripts,LoadedScripts::LOG	535.0
1771558524.981929	zeek	counter	zeek_log_stream_writes_total	module,stream	DNS,DNS::LOG	237.0
1771558524.981929	zeek	counter	zeek_log_stream_writes_total	module,stream	Known,Known::SERVICES_LOG	4.0
1771558524.981929	zeek	counter	zeek_log_stream_writes_total	module,stream	PacketFilter,PacketFilter::LOG	1.0
1771558524.981929	zeek	counter	zeek_log_stream_writes_total	module,stream	Telemetry,Telemetry::LOG	114.0
1771558524.981929	zeek	counter	zeek_log_writer_writes_total	filter_name,module,path,stream,writer	default,HTTP,http,HTTP::LOG,Log::WRITER_ASCII	2.0
1771558524.981929	zeek	counter	zeek_log_writer_writes_total	filter_name,module,path,stream,writer	default,Conn,conn,Conn::LOG,Log::WRITER_ASCII	96.0
1771558524.981929	zeek	counter	zeek_log_writer_writes_total	filter_name,module,path,stream,writer	default,Files,files,Files::LOG,Log::WRITER_ASCII	3.0
1771558524.981929	zeek	counter	zeek_log_writer_writes_total	filter_name,module,path,stream,writer	default,OCSP,ocsp,OCSP::LOG,Log::WRITER_ASCII	1.0
1771558524.981929	zeek	counter	zeek_log_writer_writes_total	filter_name,module,path,stream,writer	default,X509,x509,X509::LOG,Log::WRITER_ASCII	1.0
1771558524.981929	zeek	counter	zeek_log_writer_writes_total	filter_name,module,path,stream,writer	default,SSL,ssl,SSL::LOG,Log::WRITER_ASCII	52.0
1771558524.981929	zeek	counter	zeek_log_writer_writes_total	filter_name,module,path,stream,writer	default,Known,known_services,Known::SERVICES_LOG,Log::WRITER_ASCII	4.0
1771558524.981929	zeek	counter	zeek_log_writer_writes_total	filter_name,module,path,stream,writer	default,Weird,weird,Weird::LOG,Log::WRITER_ASCII	9.0
1771558524.981929	zeek	counter	zeek_log_writer_writes_total	filter_name,module,path,stream,writer	default,Stats,stats,Stats::LOG,Log::WRITER_ASCII	1.0
1771558524.981929	zeek	counter	zeek_log_writer_writes_total	filter_name,module,path,stream,writer	default,DNS,dns,DNS::LOG,Log::WRITER_ASCII	237.0
1771558524.981929	zeek	counter	zeek_log_writer_writes_total	filter_name,module,path,stream,writer	default,Telemetry,telemetry,Telemetry::LOG,Log::WRITER_ASCII	114.0
1771558524.981929	zeek	counter	zeek_log_writer_writes_total	filter_name,module,path,stream,writer	default,DHCP,dhcp,DHCP::LOG,Log::WRITER_ASCII	9.0
1771558524.981929	zeek	counter	zeek_log_writer_writes_total	filter_name,module,path,stream,writer	default,PacketFilter,packet_filter,PacketFilter::LOG,Log::WRITER_ASCII	1.0
1771558524.981929	zeek	counter	zeek_log_writer_writes_total	filter_name,module,path,stream,writer	default,LoadedScripts,loaded_scripts,LoadedScripts::LOG,Log::WRITER_ASCII	535.0
1771558524.981929	zeek	counter	zeek_log_writer_writes_total	filter_name,module,path,stream,writer	default,Known,known_hosts,Known::HOSTS_LOG,Log::WRITER_ASCII	3.0
1771558524.981929	zeek	counter	zeek_log_writer_discarded_writes_total	filter_name,module,path,stream,writer	default,HTTP,http,HTTP::LOG,Log::WRITER_ASCII	0.0
1771558524.981929	zeek	counter	zeek_log_writer_discarded_writes_total	filter_name,module,path,stream,writer	default,Conn,conn,Conn::LOG,Log::WRITER_ASCII	0.0
1771558524.981929	zeek	counter	zeek_log_writer_discarded_writes_total	filter_name,module,path,stream,writer	default,Files,files,Files::LOG,Log::WRITER_ASCII	0.0
1771558524.981929	zeek	counter	zeek_log_writer_discarded_writes_total	filter_name,module,path,stream,writer	default,OCSP,ocsp,OCSP::LOG,Log::WRITER_ASCII	0.0
1771558524.981929	zeek	counter	zeek_log_writer_discarded_writes_total	filter_name,module,path,stream,writer	default,X509,x509,X509::LOG,Log::WRITER_ASCII	0.0
1771558524.981929	zeek	counter	zeek_log_writer_discarded_writes_total	filter_name,module,path,stream,writer	default,SSL,ssl,SSL::LOG,Log::WRITER_ASCII	0.0
1771558524.981929	zeek	counter	zeek_log_writer_discarded_writes_total	filter_name,module,path,stream,writer	default,Known,known_services,Known::SERVICES_LOG,Log::WRITER_ASCII	0.0
1771558524.981929	zeek	counter	zeek_log_writer_discarded_writes_total	filter_name,module,path,stream,writer	default,Weird,weird,Weird::LOG,Log::WRITER_ASCII	0.0
1771558524.981929	zeek	counter	zeek_log_writer_discarded_writes_total	filter_name,module,path,stream,writer	default,Stats,stats,Stats::LOG,Log::WRITER_ASCII	0.0
1771558524.981929	zeek	counter	zeek_log_writer_discarded_writes_total	filter_name,module,path,stream,writer	default,DNS,dns,DNS::LOG,Log::WRITER_ASCII	0.0
1771558524.981929	zeek	counter	zeek_log_writer_discarded_writes_total	filter_name,module,path,stream,writer	default,Telemetry,telemetry,Telemetry::LOG,Log::WRITER_ASCII	0.0
1771558524.981929	zeek	counter	zeek_log_writer_discarded_writes_total	filter_name,module,path,stream,writer	default,DHCP,dhcp,DHCP::LOG,Log::WRITER_ASCII	0.0
1771558524.981929	zeek	counter	zeek_log_writer_discarded_writes_total	filter_name,module,path,stream,writer	default,PacketFilter,packet_filter,PacketFilter::LOG,Log::WRITER_ASCII	0.0
1771558524.981929	zeek	counter	zeek_log_writer_discarded_writes_total	filter_name,module,path,stream,writer	default,LoadedScripts,loaded_scripts,LoadedScripts::LOG,Log::WRITER_ASCII	0.0
1771558524.981929	zeek	counter	zeek_log_writer_discarded_writes_total	filter_name,module,path,stream,writer	default,Known,known_hosts,Known::HOSTS_LOG,Log::WRITER_ASCII	0.0
1771558524.981929	zeek	counter	zeek_log_writer_truncated_string_fields_total	filter_name,module,path,stream,writer	default,HTTP,http,HTTP::LOG,Log::WRITER_ASCII	0.0
1771558524.981929	zeek	counter	zeek_log_writer_truncated_string_fields_total	filter_name,module,path,stream,writer	default,Conn,conn,Conn::LOG,Log::WRITER_ASCII	0.0
1771558524.981929	zeek	counter	zeek_log_writer_truncated_string_fields_total	filter_name,module,path,stream,writer	default,Files,files,Files::LOG,Log::WRITER_ASCII	0.0
1771558524.981929	zeek	counter	zeek_log_writer_truncated_string_fields_total	filter_name,module,path,stream,writer	default,OCSP,ocsp,OCSP::LOG,Log::WRITER_ASCII	0.0
1771558524.981929	zeek	counter	zeek_log_writer_truncated_string_fields_total	filter_name,module,path,stream,writer	default,X509,x509,X509::LOG,Log::WRITER_ASCII	0.0
1771558524.981929	zeek	counter	zeek_log_writer_truncated_string_fields_total	filter_name,module,path,stream,writer	default,SSL,ssl,SSL::LOG,Log::WRITER_ASCII	0.0
1771558524.981929	zeek	counter	zeek_log_writer_truncated_string_fields_total	filter_name,module,path,stream,writer	default,Known,known_services,Known::SERVICES_LOG,Log::WRITER_ASCII	0.0
1771558524.981929	zeek	counter	zeek_log_writer_truncated_string_fields_total	filter_name,module,path,stream,writer	default,Weird,weird,Weird::LOG,Log::WRITER_ASCII	0.0
1771558524.981929	zeek	counter	zeek_log_writer_truncated_string_fields_total	filter_name,module,path,stream,writer	default,Stats,stats,Stats::LOG,Log::WRITER_ASCII	0.0
1771558524.981929	zeek	counter	zeek_log_writer_truncated_string_fields_total	filter_name,module,path,stream,writer	default,DNS,dns,DNS::LOG,Log::WRITER_ASCII	0.0
1771558524.981929	zeek	counter	zeek_log_writer_truncated_string_fields_total	filter_name,module,path,stream,writer	default,Telemetry,telemetry,Telemetry::LOG,Log::WRITER_ASCII	0.0
1771558524.981929	zeek	counter	zeek_log_writer_truncated_string_fields_total	filter_name,module,path,stream,writer	default,DHCP,dhcp,DHCP::LOG,Log::WRITER_ASCII	0.0
1771558524.981929	zeek	counter	zeek_log_writer_truncated_string_fields_total	filter_name,module,path,stream,writer	default,PacketFilter,packet_filter,PacketFilter::LOG,Log::WRITER_ASCII	0.0
1771558524.981929	zeek	counter	zeek_log_writer_truncated_string_fields_total	filter_name,module,path,stream,writer	default,LoadedScripts,loaded_scripts,LoadedScripts::LOG,Log::WRITER_ASCII	0.0
1771558524.981929	zeek	counter	zeek_log_writer_truncated_string_fields_total	filter_name,module,path,stream,writer	default,Known,known_hosts,Known::HOSTS_LOG,Log::WRITER_ASCII	0.0
1771558524.981929	zeek	counter	zeek_log_writer_truncated_containers_total	filter_name,module,path,stream,writer	default,HTTP,http,HTTP::LOG,Log::WRITER_ASCII	0.0
1771558524.981929	zeek	counter	zeek_log_writer_truncated_containers_total	filter_name,module,path,stream,writer	default,Conn,conn,Conn::LOG,Log::WRITER_ASCII	0.0
1771558524.981929	zeek	counter	zeek_log_writer_truncated_containers_total	filter_name,module,path,stream,writer	default,Files,files,Files::LOG,Log::WRITER_ASCII	0.0
1771558524.981929	zeek	counter	zeek_log_writer_truncated_containers_total	filter_name,module,path,stream,writer	default,OCSP,ocsp,OCSP::LOG,Log::WRITER_ASCII	0.0
1771558524.981929	zeek	counter	zeek_log_writer_truncated_containers_total	filter_name,module,path,stream,writer	default,X509,x509,X509::LOG,Log::WRITER_ASCII	0.0
1771558524.981929	zeek	counter	zeek_log_writer_truncated_containers_total	filter_name,module,path,stream,writer	default,SSL,ssl,SSL::LOG,Log::WRITER_ASCII	0.0
1771558524.981929	zeek	counter	zeek_log_writer_truncated_containers_total	filter_name,module,path,stream,writer	default,Known,known_services,Known::SERVICES_LOG,Log::WRITER_ASCII	0.0
1771558524.981929	zeek	counter	zeek_log_writer_truncated_containers_total	filter_name,module,path,stream,writer	default,Weird,weird,Weird::LOG,Log::WRITER_ASCII	0.0
1771558524.981929	zeek	counter	zeek_log_writer_truncated_containers_total	filter_name,module,path,stream,writer	default,Stats,stats,Stats::LOG,Log::WRITER_ASCII	0.0
1771558524.981929	zeek	counter	zeek_log_writer_truncated_containers_total	filter_name,module,path,stream,writer	default,DNS,dns,DNS::LOG,Log::WRITER_ASCII	0.0
1771558524.981929	zeek	counter	zeek_log_writer_truncated_containers_total	filter_name,module,path,stream,writer	default,Telemetry,telemetry,Telemetry::LOG,Log::WRITER_ASCII	0.0
1771558524.981929	zeek	counter	zeek_log_writer_truncated_containers_total	filter_name,module,path,stream,writer	default,DHCP,dhcp,DHCP::LOG,Log::WRITER_ASCII	0.0
1771558524.981929	zeek	counter	zeek_log_writer_truncated_containers_total	filter_name,module,path,stream,writer	default,PacketFilter,packet_filter,PacketFilter::LOG,Log::WRITER_ASCII	0.0
1771558524.981929	zeek	counter	zeek_log_writer_truncated_containers_total	filter_name,module,path,stream,writer	default,LoadedScripts,loaded_scripts,LoadedScripts::LOG,Log::WRITER_ASCII	0.0
1771558524.981929	zeek	counter	zeek_log_writer_truncated_containers_total	filter_name,module,path,stream,writer	default,Known,known_hosts,Known::HOSTS_LOG,Log::WRITER_ASCII	0.0
1771558524.981929	zeek	counter	zeek_net_received_bytes_total	(empty)	(empty)	455059549.0
1771558524.981929	zeek	counter	zeek_net_received_packets_total	(empty)	(empty)	352474.0
1771558524.981929	zeek	counter	zeek_net_dropped_packets_total	(empty)	(empty)	0.0
1771558524.981929	zeek	counter	zeek_net_link_packets_total	(empty)	(empty)	396396.0
1771558524.981929	zeek	counter	zeek_msgthread_threads_total	(empty)	(empty)	15.0
1771558524.981929	zeek	counter	zeek_msgthread_in_messages_total	(empty)	(empty)	118.0
1771558524.981929	zeek	counter	zeek_msgthread_out_messages_total	(empty)	(empty)	0.0
1771558524.981929	zeek	counter	zeek_cluster_core_outgoing_events_total	(empty)	(empty)	2.0
1771558524.981929	zeek	counter	zeek_cluster_core_incoming_events_total	(empty)	(empty)	0.0
1771558524.981929	zeek	counter	zeek_broker_incoming_events_total	(empty)	(empty)	0.0
1771558524.981929	zeek	counter	zeek_broker_outgoing_events_total	(empty)	(empty)	0.0
1771558524.981929	zeek	counter	zeek_broker_incoming_logs_total	(empty)	(empty)	0.0
1771558524.981929	zeek	counter	zeek_broker_outgoing_logs_total	(empty)	(empty)	0.0
1771558524.981929	zeek	counter	zeek_broker_incoming_ids_total	(empty)	(empty)	0.0
1771558524.981929	zeek	counter	zeek_broker_outgoing_ids_total	(empty)	(empty)	0.0
1771558524.981929	zeek	counter	zeek_timers_total	(empty)	(empty)	1370.0
1771558524.981929	zeek	counter	zeek_dnsmgr_requests_total	(empty)	(empty)	0.0
1771558524.981929	zeek	counter	zeek_dnsmgr_successful_requests_total	(empty)	(empty)	0.0
1771558524.981929	zeek	counter	zeek_dnsmgr_failed_requests_total	(empty)	(empty)	0.0
1771558524.981929	zeek	counter	zeek_triggers_total	(empty)	(empty)	0.0
1771558524.981929	zeek	counter	zeek_ended_sessions_total	reason	inactivity	0.0
1771558524.981929	zeek	counter	zeek_event_handler_invocations_total	name	dns_HTTPS	1.0
1771558524.981929	zeek	counter	zeek_event_handler_invocations_total	name	http_message_done	4.0
1771558524.981929	zeek	counter	zeek_event_handler_invocations_total	name	http_end_entity	4.0
1771558524.981929	zeek	counter	zeek_event_handler_invocations_total	name	http_header	2.0
1771558524.981929	zeek	counter	zeek_event_handler_invocations_total	name	http_request	2.0
1771558524.981929	zeek	counter	zeek_event_handler_invocations_total	name	dns_TXT_reply	4.0
1771558524.981929	zeek	counter	zeek_event_handler_invocations_total	name	dns_SRV_reply	4.0
1771558524.981929	zeek	counter	zeek_event_handler_invocations_total	name	x509_ext_basic_constraints	2.0
1771558524.981929	zeek	counter	zeek_event_handler_invocations_total	name	x509_ocsp_ext_signed_certificate_timestamp	3.0
1771558524.981929	zeek	counter	zeek_event_handler_invocations_total	name	x509_ext_subject_alternative_name	1.0
1771558524.981929	zeek	counter	zeek_event_handler_invocations_total	name	x509_extension	18.0
1771558524.981929	zeek	counter	zeek_event_handler_invocations_total	name	conn_weird	70.0
1771558524.981929	zeek	counter	zeek_event_handler_invocations_total	name	ssl_client_hello	72.0
1771558524.981929	zeek	counter	zeek_event_handler_invocations_total	name	file_sniff	5.0
1771558524.981929	zeek	counter	zeek_event_handler_invocations_total	name	ssl_extension_key_share	143.0
1771558524.981929	zeek	counter	zeek_event_handler_invocations_total	name	dns_rejected	14.0
1771558524.981929	zeek	counter	zeek_event_handler_invocations_total	name	http_begin_entity	4.0
1771558524.981929	zeek	counter	zeek_event_handler_invocations_total	name	ocsp_response_certificate	1.0
1771558524.981929	zeek	counter	zeek_event_handler_invocations_total	name	ssl_established	52.0
1771558524.981929	zeek	counter	zeek_event_handler_invocations_total	name	file_over_new_connection	5.0
1771558524.981929	zeek	counter	zeek_event_handler_invocations_total	name	ssl_change_cipher_spec	104.0
1771558524.981929	zeek	counter	zeek_event_handler_invocations_total	name	connection_state_remove	96.0
1771558524.981929	zeek	counter	zeek_event_handler_invocations_total	name	known_service_add	5.0
1771558524.981929	zeek	counter	zeek_event_handler_invocations_total	name	ssl_extension_server_name	72.0
1771558524.981929	zeek	counter	zeek_event_handler_invocations_total	name	NetControl::init	1.0
1771558524.981929	zeek	counter	zeek_event_handler_invocations_total	name	service_info_commit	56.0
1771558524.981929	zeek	counter	zeek_event_handler_invocations_total	name	ssl_ecdh_server_params	1.0
1771558524.981929	zeek	counter	zeek_event_handler_invocations_total	name	known_host_add	3.0
1771558524.981929	zeek	counter	zeek_event_handler_invocations_total	name	grab_vulnerable_versions	2.0
1771558524.981929	zeek	counter	zeek_event_handler_invocations_total	name	connection_established	54.0
1771558524.981929	zeek	counter	zeek_event_handler_invocations_total	name	ssl_server_hello	72.0
1771558524.981929	zeek	counter	zeek_event_handler_invocations_total	name	dns_AAAA_reply	16.0
1771558524.981929	zeek	counter	zeek_event_handler_invocations_total	name	dns_A_reply	104.0
1771558524.981929	zeek	counter	zeek_event_handler_invocations_total	name	ChecksumOffloading::check	2.0
1771558524.981929	zeek	counter	zeek_event_handler_invocations_total	name	QUIC::handshake_packet	52.0
1771558524.981929	zeek	counter	zeek_event_handler_invocations_total	name	Known::host_found	64.0
1771558524.981929	zeek	counter	zeek_event_handler_invocations_total	name	get_file_handle	5.0
1771558524.981929	zeek	counter	zeek_event_handler_invocations_total	name	ssl_plaintext_data	254.0
1771558524.981929	zeek	counter	zeek_event_handler_invocations_total	name	dns_PTR_reply	54.0
1771558524.981929	zeek	counter	zeek_event_handler_invocations_total	name	dns_CNAME_reply	41.0
1771558524.981929	zeek	counter	zeek_event_handler_invocations_total	name	ssl_extension_supported_versions	143.0
1771558524.981929	zeek	counter	zeek_event_handler_invocations_total	name	x509_certificate	2.0
1771558524.981929	zeek	counter	zeek_event_handler_invocations_total	name	Telemetry::log	2.0
1771558524.981929	zeek	counter	zeek_event_handler_invocations_total	name	ssl_extension	1427.0
1771558524.981929	zeek	counter	zeek_event_handler_invocations_total	name	ssl_extension_application_layer_protocol_negotiation	73.0
1771558524.981929	zeek	counter	zeek_event_handler_invocations_total	name	file_new	5.0
1771558524.981929	zeek	counter	zeek_event_handler_invocations_total	name	net_stats_update	1.0
1771558524.981929	zeek	counter	zeek_event_handler_invocations_total	name	file_state_remove	5.0
1771558524.981929	zeek	counter	zeek_event_handler_invocations_total	name	QUIC::initial_packet	158.0
1771558524.981929	zeek	counter	zeek_event_handler_invocations_total	name	SumStats::finish_epoch	3.0
1771558524.981929	zeek	counter	zeek_event_handler_invocations_total	name	zeek_init	1.0
1771558524.981929	zeek	counter	zeek_event_handler_invocations_total	name	dns_end	381.0
1771558524.981929	zeek	counter	zeek_event_handler_invocations_total	name	analyzer_confirmation_info	188.0
1771558524.981929	zeek	counter	zeek_event_handler_invocations_total	name	connection_flipped	7.0
1771558524.981929	zeek	counter	zeek_event_handler_invocations_total	name	dns_message	381.0
1771558524.981929	zeek	counter	zeek_event_handler_invocations_total	name	check_stats	1.0
1771558524.981929	zeek	counter	zeek_event_handler_invocations_total	name	ssl_handshake_message	150.0
1771558524.981929	zeek	counter	zeek_event_handler_invocations_total	name	dns_request	338.0
1771558524.981929	zeek	counter	zeek_event_handler_invocations_total	name	zeek_script_loaded	535.0
1771558524.981929	zeek	counter	zeek_event_handler_invocations_total	name	QUIC::short_header_packet_threshold_crossed	206.0
1771558524.981929	zeek	counter	zeek_event_handler_invocations_total	name	CaptureLoss::take_measurement	1.0
1771558524.981929	zeek	counter	zeek_event_handler_invocations_total	name	DHCP::aggregate_msgs	21.0
1771558524.981929	zeek	counter	zeek_event_handler_invocations_total	name	dhcp_message	21.0
1771558524.981929	zeek	counter	zeek_event_handler_invocations_total	name	new_connection	216.0
1771558524.981929	zeek	counter	zeek_event_handler_invocations_total	name	Broker::log_flush	59.0
1771558524.981929	zeek	counter	zeek_event_handler_invocations_total	name	http_reply	2.0
1771558524.981929	zeek	counter	zeek_event_handler_invocations_total	name	filter_change_tracking	2.0
1771558524.981929	zeek	counter	zeek_event_handler_invocations_total	name	file_hash	15.0
1771558524.981929	zeek	counter	zeek_event_handler_invocations_total	name	QUIC::zero_rtt_packet	24.0
1771558524.981929	zeek	counter	zeek_total_sessions_total	protocol	unknown	2.0
1771558524.981929	zeek	counter	zeek_total_sessions_total	protocol	icmp	3.0
1771558524.981929	zeek	counter	zeek_total_sessions_total	protocol	udp	139.0
1771558524.981929	zeek	counter	zeek_total_sessions_total	protocol	tcp	72.0
1771558524.981929	zeek	gauge	zeek_version_info	beta,commit,debug,major,minor,patch,version_number,version_string	false,0,false,8,1,0,80100,8.1.0	1.0
1771558524.981929	zeek	gauge	zeek_net_packet_lag_seconds	(empty)	(empty)	8.8033
1771558524.981929	zeek	gauge	zeek_net_timestamp_seconds	(empty)	(empty)	1771558524.981929
1771558524.981929	zeek	gauge	zeek_msgthread_active_threads	(empty)	(empty)	15.0
1771558524.981929	zeek	gauge	zeek_msgthread_pending_in_messages	(empty)	(empty)	0.0
1771558524.981929	zeek	gauge	zeek_msgthread_pending_out_messages	(empty)	(empty)	0.0
1771558524.981929	zeek	gauge	zeek_msgthread_pending_messages_in_buckets	leq	inf	15.0
1771558524.981929	zeek	gauge	zeek_msgthread_pending_messages_in_buckets	leq	1000	15.0
1771558524.981929	zeek	gauge	zeek_msgthread_pending_messages_in_buckets	leq	10000	15.0
1771558524.981929	zeek	gauge	zeek_msgthread_pending_messages_in_buckets	leq	10	15.0
1771558524.981929	zeek	gauge	zeek_msgthread_pending_messages_in_buckets	leq	100	15.0
1771558524.981929	zeek	gauge	zeek_msgthread_pending_messages_in_buckets	leq	1	15.0
1771558524.981929	zeek	gauge	zeek_msgthread_pending_messages_out_buckets	leq	inf	15.0
1771558524.981929	zeek	gauge	zeek_msgthread_pending_messages_out_buckets	leq	1000	15.0
1771558524.981929	zeek	gauge	zeek_msgthread_pending_messages_out_buckets	leq	10000	15.0
1771558524.981929	zeek	gauge	zeek_msgthread_pending_messages_out_buckets	leq	10	15.0
1771558524.981929	zeek	gauge	zeek_msgthread_pending_messages_out_buckets	leq	100	15.0
1771558524.981929	zeek	gauge	zeek_msgthread_pending_messages_out_buckets	leq	1	15.0
1771558524.981929	zeek	gauge	zeek_broker_peers	(empty)	(empty)	0.0
1771558524.981929	zeek	gauge	zeek_broker_stores	(empty)	(empty)	1.0
1771558524.981929	zeek	gauge	zeek_broker_pending_queries	(empty)	(empty)	0.0
1771558524.981929	zeek	gauge	zeek_timers_lag_time_seconds	(empty)	(empty)	0.00218
1771558524.981929	zeek	gauge	zeek_timers_pending	type	StorageExpire	1.0
1771558524.981929	zeek	gauge	zeek_timers_pending	type	LogDelayExpire	0.0
1771558524.981929	zeek	gauge	zeek_timers_pending	type	UnknownProtocolExpire	0.0
1771558524.981929	zeek	gauge	zeek_timers_pending	type	TimerMgrExpireTimer	0.0
1771558524.981929	zeek	gauge	zeek_timers_pending	type	LogFlushWriteBufferTimer	1.0
1771558524.981929	zeek	gauge	zeek_timers_pending	type	ParentProcessIDCheck	0.0
1771558524.981929	zeek	gauge	zeek_timers_pending	type	TriggerTimer	0.0
1771558524.981929	zeek	gauge	zeek_timers_pending	type	TCPConnectionResetTimer	0.0
1771558524.981929	zeek	gauge	zeek_timers_pending	type	TCPConnectionAttemptTimer	11.0
1771558524.981929	zeek	gauge	zeek_timers_pending	type	TableValTimer	34.0
1771558524.981929	zeek	gauge	zeek_timers_pending	type	NetworkTimer	0.0
1771558524.981929	zeek	gauge	zeek_timers_pending	type	RemoveConnection	0.0
1771558524.981929	zeek	gauge	zeek_timers_pending	type	NetWeirdTimer	0.0
1771558524.981929	zeek	gauge	zeek_timers_pending	type	IPTunnelInactivityTimer	0.0
1771558524.981929	zeek	gauge	zeek_timers_pending	type	RotateTimer	0.0
1771558524.981929	zeek	gauge	zeek_timers_pending	type	InterconnTimer	0.0
1771558524.981929	zeek	gauge	zeek_timers_pending	type	NTPExpireTimer	0.0
1771558524.981929	zeek	gauge	zeek_timers_pending	type	FragTimer	0.0
1771558524.981929	zeek	gauge	zeek_timers_pending	type	ScheduleTimer	5.0
1771558524.981929	zeek	gauge	zeek_timers_pending	type	TCPConnectionPartialClose	0.0
1771558524.981929	zeek	gauge	zeek_timers_pending	type	TCPConnectionExpireTimer	49.0
1771558524.981929	zeek	gauge	zeek_timers_pending	type	FlowWeirdTimer	0.0
1771558524.981929	zeek	gauge	zeek_timers_pending	type	ConnectionInactivityTimer	120.0
1771558524.981929	zeek	gauge	zeek_timers_pending	type	ThreadHeartbeat	1.0
1771558524.981929	zeek	gauge	zeek_timers_pending	type	BackdoorTimer	0.0
1771558524.981929	zeek	gauge	zeek_timers_pending	type	FileAnalysisInactivityTimer	5.0
1771558524.981929	zeek	gauge	zeek_timers_pending	type	ConnectionStatusUpdateTimer	0.0
1771558524.981929	zeek	gauge	zeek_timers_pending	type	TCPConnectionDeleteTimer	0.0
1771558524.981929	zeek	gauge	zeek_timers_pending	type	ProfileTimer	0.0
1771558524.981929	zeek	gauge	zeek_timers_pending	type	ConnectionExpireTimer	0.0
1771558524.981929	zeek	gauge	zeek_timers_pending	type	DNSExpireTimer	24.0
1771558524.981929	zeek	gauge	zeek_timers_pending	type	BreakpointTimer	0.0
1771558524.981929	zeek	gauge	zeek_timers_pending	type	RPCExpireTimer	0.0
1771558524.981929	zeek	gauge	zeek_timers_pending	type	NetbiosExpireTimer	0.0
1771558524.981929	zeek	gauge	zeek_timers_pending	type	ConnTupleWeirdTimer	0.0
1771558524.981929	zeek	gauge	zeek_timers_pending	type	ConnectionDeleteTimer	1.0
1771558524.981929	zeek	gauge	zeek_dnsmgr_pending_asyncs_requests	(empty)	(empty)	0.0
1771558524.981929	zeek	gauge	zeek_dnsmgr_cache_entries	type	text	0.0
1771558524.981929	zeek	gauge	zeek_dnsmgr_cache_entries	type	address	0.0
1771558524.981929	zeek	gauge	zeek_dnsmgr_cache_entries	type	host	0.0
1771558524.981929	zeek	gauge	zeek_pending_triggers	(empty)	(empty)	0.0
1771558524.981929	zeek	gauge	zeek_active_sessions	protocol	unknown	2.0
1771558524.981929	zeek	gauge	zeek_active_sessions	protocol	icmp	3.0
1771558524.981929	zeek	gauge	zeek_active_sessions	protocol	udp	69.0
1771558524.981929	zeek	gauge	zeek_active_sessions	protocol	tcp	46.0
1771558524.981929	zeek	counter	process_cpu_user_seconds_total	(empty)	(empty)	0.824
1771558524.981929	zeek	counter	process_cpu_system_seconds_total	(empty)	(empty)	0.225
1771558524.981929	zeek	gauge	process_resident_memory_bytes	(empty)	(empty)	108380160.0
1771558524.981929	zeek	gauge	process_virtual_memory_bytes	(empty)	(empty)	445859627008.0
1771558524.981929	zeek	gauge	process_open_fds	(empty)	(empty)	64.0
1771558524.981929	zeek	gauge	process_start_time_seconds	(empty)	(empty)	1771558464.652221
1771558584.999767	zeek	counter	zeek_log_stream_writes_total	module,stream	CaptureLoss,CaptureLoss::LOG	1.0
1771558584.999767	zeek	counter	zeek_log_stream_writes_total	module,stream	HTTP,HTTP::LOG	3.0
1771558584.999767	zeek	counter	zeek_log_stream_writes_total	module,stream	Conn,Conn::LOG	196.0
1771558584.999767	zeek	counter	zeek_log_stream_writes_total	module,stream	QUIC,QUIC::LOG	13.0
1771558584.999767	zeek	counter	zeek_log_stream_writes_total	module,stream	OCSP,OCSP::LOG	1.0
1771558584.999767	zeek	counter	zeek_log_stream_writes_total	module,stream	Files,Files::LOG	6.0
1771558584.999767	zeek	counter	zeek_log_stream_writes_total	module,stream	Known,Known::HOSTS_LOG	4.0
1771558584.999767	zeek	counter	zeek_log_stream_writes_total	module,stream	X509,X509::LOG	2.0
1771558584.999767	zeek	counter	zeek_log_stream_writes_total	module,stream	SSL,SSL::LOG	80.0
1771558584.999767	zeek	counter	zeek_log_stream_writes_total	module,stream	DHCP,DHCP::LOG	12.0
1771558584.999767	zeek	counter	zeek_log_stream_writes_total	module,stream	Stats,Stats::LOG	1.0
1771558584.999767	zeek	counter	zeek_log_stream_writes_total	module,stream	Weird,Weird::LOG	11.0
1771558584.999767	zeek	counter	zeek_log_stream_writes_total	module,stream	LoadedScripts,LoadedScripts::LOG	535.0
1771558584.999767	zeek	counter	zeek_log_stream_writes_total	module,stream	DNS,DNS::LOG	295.0
1771558584.999767	zeek	counter	zeek_log_stream_writes_total	module,stream	Known,Known::SERVICES_LOG	4.0
1771558584.999767	zeek	counter	zeek_log_stream_writes_total	module,stream	PacketFilter,PacketFilter::LOG	1.0
1771558584.999767	zeek	counter	zeek_log_stream_writes_total	module,stream	Telemetry,Telemetry::LOG	356.0
1771558584.999767	zeek	counter	zeek_log_writer_writes_total	filter_name,module,path,stream,writer	default,QUIC,quic,QUIC::LOG,Log::WRITER_ASCII	13.0
1771558584.999767	zeek	counter	zeek_log_writer_writes_total	filter_name,module,path,stream,writer	default,HTTP,http,HTTP::LOG,Log::WRITER_ASCII	3.0
1771558584.999767	zeek	counter	zeek_log_writer_writes_total	filter_name,module,path,stream,writer	default,Conn,conn,Conn::LOG,Log::WRITER_ASCII	196.0
1771558584.999767	zeek	counter	zeek_log_writer_writes_total	filter_name,module,path,stream,writer	default,Files,files,Files::LOG,Log::WRITER_ASCII	4.0
1771558584.999767	zeek	counter	zeek_log_writer_writes_total	filter_name,module,path,stream,writer	default,OCSP,ocsp,OCSP::LOG,Log::WRITER_ASCII	1.0
1771558584.999767	zeek	counter	zeek_log_writer_writes_total	filter_name,module,path,stream,writer	default,X509,x509,X509::LOG,Log::WRITER_ASCII	1.0
1771558584.999767	zeek	counter	zeek_log_writer_writes_total	filter_name,module,path,stream,writer	default,SSL,ssl,SSL::LOG,Log::WRITER_ASCII	80.0
1771558584.999767	zeek	counter	zeek_log_writer_writes_total	filter_name,module,path,stream,writer	default,Known,known_services,Known::SERVICES_LOG,Log::WRITER_ASCII	4.0
1771558584.999767	zeek	counter	zeek_log_writer_writes_total	filter_name,module,path,stream,writer	default,CaptureLoss,capture_loss,CaptureLoss::LOG,Log::WRITER_ASCII	1.0
1771558584.999767	zeek	counter	zeek_log_writer_writes_total	filter_name,module,path,stream,writer	default,Weird,weird,Weird::LOG,Log::WRITER_ASCII	11.0
1771558584.999767	zeek	counter	zeek_log_writer_writes_total	filter_name,module,path,stream,writer	default,Stats,stats,Stats::LOG,Log::WRITER_ASCII	1.0
1771558584.999767	zeek	counter	zeek_log_writer_writes_total	filter_name,module,path,stream,writer	default,DNS,dns,DNS::LOG,Log::WRITER_ASCII	295.0
1771558584.999767	zeek	counter	zeek_log_writer_writes_total	filter_name,module,path,stream,writer	default,Telemetry,telemetry,Telemetry::LOG,Log::WRITER_ASCII	356.0
1771558584.999767	zeek	counter	zeek_log_writer_writes_total	filter_name,module,path,stream,writer	default,DHCP,dhcp,DHCP::LOG,Log::WRITER_ASCII	12.0
1771558584.999767	zeek	counter	zeek_log_writer_writes_total	filter_name,module,path,stream,writer	default,PacketFilter,packet_filter,PacketFilter::LOG,Log::WRITER_ASCII	1.0
1771558584.999767	zeek	counter	zeek_log_writer_writes_total	filter_name,module,path,stream,writer	default,LoadedScripts,loaded_scripts,LoadedScripts::LOG,Log::WRITER_ASCII	535.0
1771558584.999767	zeek	counter	zeek_log_writer_writes_total	filter_name,module,path,stream,writer	default,Known,known_hosts,Known::HOSTS_LOG,Log::WRITER_ASCII	4.0
1771558584.999767	zeek	counter	zeek_log_writer_discarded_writes_total	filter_name,module,path,stream,writer	default,QUIC,quic,QUIC::LOG,Log::WRITER_ASCII	0.0
1771558584.999767	zeek	counter	zeek_log_writer_discarded_writes_total	filter_name,module,path,stream,writer	default,HTTP,http,HTTP::LOG,Log::WRITER_ASCII	0.0
1771558584.999767	zeek	counter	zeek_log_writer_discarded_writes_total	filter_name,module,path,stream,writer	default,Conn,conn,Conn::LOG,Log::WRITER_ASCII	0.0
1771558584.999767	zeek	counter	zeek_log_writer_discarded_writes_total	filter_name,module,path,stream,writer	default,Files,files,Files::LOG,Log::WRITER_ASCII	0.0
1771558584.999767	zeek	counter	zeek_log_writer_discarded_writes_total	filter_name,module,path,stream,writer	default,OCSP,ocsp,OCSP::LOG,Log::WRITER_ASCII	0.0
1771558584.999767	zeek	counter	zeek_log_writer_discarded_writes_total	filter_name,module,path,stream,writer	default,X509,x509,X509::LOG,Log::WRITER_ASCII	0.0
1771558584.999767	zeek	counter	zeek_log_writer_discarded_writes_total	filter_name,module,path,stream,writer	default,SSL,ssl,SSL::LOG,Log::WRITER_ASCII	0.0
1771558584.999767	zeek	counter	zeek_log_writer_discarded_writes_total	filter_name,module,path,stream,writer	default,Known,known_services,Known::SERVICES_LOG,Log::WRITER_ASCII	0.0
1771558584.999767	zeek	counter	zeek_log_writer_discarded_writes_total	filter_name,module,path,stream,writer	default,CaptureLoss,capture_loss,CaptureLoss::LOG,Log::WRITER_ASCII	0.0
1771558584.999767	zeek	counter	zeek_log_writer_discarded_writes_total	filter_name,module,path,stream,writer	default,Weird,weird,Weird::LOG,Log::WRITER_ASCII	0.0
1771558584.999767	zeek	counter	zeek_log_writer_discarded_writes_total	filter_name,module,path,stream,writer	default,Stats,stats,Stats::LOG,Log::WRITER_ASCII	0.0
1771558584.999767	zeek	counter	zeek_log_writer_discarded_writes_total	filter_name,module,path,stream,writer	default,DNS,dns,DNS::LOG,Log::WRITER_ASCII	0.0
1771558584.999767	zeek	counter	zeek_log_writer_discarded_writes_total	filter_name,module,path,stream,writer	default,Telemetry,telemetry,Telemetry::LOG,Log::WRITER_ASCII	0.0
1771558584.999767	zeek	counter	zeek_log_writer_discarded_writes_total	filter_name,module,path,stream,writer	default,DHCP,dhcp,DHCP::LOG,Log::WRITER_ASCII	0.0
1771558584.999767	zeek	counter	zeek_log_writer_discarded_writes_total	filter_name,module,path,stream,writer	default,PacketFilter,packet_filter,PacketFilter::LOG,Log::WRITER_ASCII	0.0
1771558584.999767	zeek	counter	zeek_log_writer_discarded_writes_total	filter_name,module,path,stream,writer	default,LoadedScripts,loaded_scripts,LoadedScripts::LOG,Log::WRITER_ASCII	0.0
1771558584.999767	zeek	counter	zeek_log_writer_discarded_writes_total	filter_name,module,path,stream,writer	default,Known,known_hosts,Known::HOSTS_LOG,Log::WRITER_ASCII	0.0
1771558584.999767	zeek	counter	zeek_log_writer_truncated_string_fields_total	filter_name,module,path,stream,writer	default,QUIC,quic,QUIC::LOG,Log::WRITER_ASCII	0.0
1771558584.999767	zeek	counter	zeek_log_writer_truncated_string_fields_total	filter_name,module,path,stream,writer	default,HTTP,http,HTTP::LOG,Log::WRITER_ASCII	0.0
1771558584.999767	zeek	counter	zeek_log_writer_truncated_string_fields_total	filter_name,module,path,stream,writer	default,Conn,conn,Conn::LOG,Log::WRITER_ASCII	0.0
1771558584.999767	zeek	counter	zeek_log_writer_truncated_string_fields_total	filter_name,module,path,stream,writer	default,Files,files,Files::LOG,Log::WRITER_ASCII	0.0
1771558584.999767	zeek	counter	zeek_log_writer_truncated_string_fields_total	filter_name,module,path,stream,writer	default,OCSP,ocsp,OCSP::LOG,Log::WRITER_ASCII	0.0
1771558584.999767	zeek	counter	zeek_log_writer_truncated_string_fields_total	filter_name,module,path,stream,writer	default,X509,x509,X509::LOG,Log::WRITER_ASCII	0.0
1771558584.999767	zeek	counter	zeek_log_writer_truncated_string_fields_total	filter_name,module,path,stream,writer	default,SSL,ssl,SSL::LOG,Log::WRITER_ASCII	0.0
1771558584.999767	zeek	counter	zeek_log_writer_truncated_string_fields_total	filter_name,module,path,stream,writer	default,Known,known_services,Known::SERVICES_LOG,Log::WRITER_ASCII	0.0
1771558584.999767	zeek	counter	zeek_log_writer_truncated_string_fields_total	filter_name,module,path,stream,writer	default,CaptureLoss,capture_loss,CaptureLoss::LOG,Log::WRITER_ASCII	0.0
1771558584.999767	zeek	counter	zeek_log_writer_truncated_string_fields_total	filter_name,module,path,stream,writer	default,Weird,weird,Weird::LOG,Log::WRITER_ASCII	0.0
1771558584.999767	zeek	counter	zeek_log_writer_truncated_string_fields_total	filter_name,module,path,stream,writer	default,Stats,stats,Stats::LOG,Log::WRITER_ASCII	0.0
1771558584.999767	zeek	counter	zeek_log_writer_truncated_string_fields_total	filter_name,module,path,stream,writer	default,DNS,dns,DNS::LOG,Log::WRITER_ASCII	0.0
1771558584.999767	zeek	counter	zeek_log_writer_truncated_string_fields_total	filter_name,module,path,stream,writer	default,Telemetry,telemetry,Telemetry::LOG,Log::WRITER_ASCII	0.0
1771558584.999767	zeek	counter	zeek_log_writer_truncated_string_fields_total	filter_name,module,path,stream,writer	default,DHCP,dhcp,DHCP::LOG,Log::WRITER_ASCII	0.0
1771558584.999767	zeek	counter	zeek_log_writer_truncated_string_fields_total	filter_name,module,path,stream,writer	default,PacketFilter,packet_filter,PacketFilter::LOG,Log::WRITER_ASCII	0.0
1771558584.999767	zeek	counter	zeek_log_writer_truncated_string_fields_total	filter_name,module,path,stream,writer	default,LoadedScripts,loaded_scripts,LoadedScripts::LOG,Log::WRITER_ASCII	0.0
1771558584.999767	zeek	counter	zeek_log_writer_truncated_string_fields_total	filter_name,module,path,stream,writer	default,Known,known_hosts,Known::HOSTS_LOG,Log::WRITER_ASCII	0.0
1771558584.999767	zeek	counter	zeek_log_writer_truncated_containers_total	filter_name,module,path,stream,writer	default,QUIC,quic,QUIC::LOG,Log::WRITER_ASCII	0.0
1771558584.999767	zeek	counter	zeek_log_writer_truncated_containers_total	filter_name,module,path,stream,writer	default,HTTP,http,HTTP::LOG,Log::WRITER_ASCII	0.0
1771558584.999767	zeek	counter	zeek_log_writer_truncated_containers_total	filter_name,module,path,stream,writer	default,Conn,conn,Conn::LOG,Log::WRITER_ASCII	0.0
1771558584.999767	zeek	counter	zeek_log_writer_truncated_containers_total	filter_name,module,path,stream,writer	default,Files,files,Files::LOG,Log::WRITER_ASCII	0.0
1771558584.999767	zeek	counter	zeek_log_writer_truncated_containers_total	filter_name,module,path,stream,writer	default,OCSP,ocsp,OCSP::LOG,Log::WRITER_ASCII	0.0
1771558584.999767	zeek	counter	zeek_log_writer_truncated_containers_total	filter_name,module,path,stream,writer	default,X509,x509,X509::LOG,Log::WRITER_ASCII	0.0
1771558584.999767	zeek	counter	zeek_log_writer_truncated_containers_total	filter_name,module,path,stream,writer	default,SSL,ssl,SSL::LOG,Log::WRITER_ASCII	0.0
1771558584.999767	zeek	counter	zeek_log_writer_truncated_containers_total	filter_name,module,path,stream,writer	default,Known,known_services,Known::SERVICES_LOG,Log::WRITER_ASCII	0.0
1771558584.999767	zeek	counter	zeek_log_writer_truncated_containers_total	filter_name,module,path,stream,writer	default,CaptureLoss,capture_loss,CaptureLoss::LOG,Log::WRITER_ASCII	0.0
1771558584.999767	zeek	counter	zeek_log_writer_truncated_containers_total	filter_name,module,path,stream,writer	default,Weird,weird,Weird::LOG,Log::WRITER_ASCII	0.0
1771558584.999767	zeek	counter	zeek_log_writer_truncated_containers_total	filter_name,module,path,stream,writer	default,Stats,stats,Stats::LOG,Log::WRITER_ASCII	0.0
1771558584.999767	zeek	counter	zeek_log_writer_truncated_containers_total	filter_name,module,path,stream,writer	default,DNS,dns,DNS::LOG,Log::WRITER_ASCII	0.0
1771558584.999767	zeek	counter	zeek_log_writer_truncated_containers_total	filter_name,module,path,stream,writer	default,Telemetry,telemetry,Telemetry::LOG,Log::WRITER_ASCII	0.0
1771558584.999767	zeek	counter	zeek_log_writer_truncated_containers_total	filter_name,module,path,stream,writer	default,DHCP,dhcp,DHCP::LOG,Log::WRITER_ASCII	0.0
1771558584.999767	zeek	counter	zeek_log_writer_truncated_containers_total	filter_name,module,path,stream,writer	default,PacketFilter,packet_filter,PacketFilter::LOG,Log::WRITER_ASCII	0.0
1771558584.999767	zeek	counter	zeek_log_writer_truncated_containers_total	filter_name,module,path,stream,writer	default,LoadedScripts,loaded_scripts,LoadedScripts::LOG,Log::WRITER_ASCII	0.0
1771558584.999767	zeek	counter	zeek_log_writer_truncated_containers_total	filter_name,module,path,stream,writer	default,Known,known_hosts,Known::HOSTS_LOG,Log::WRITER_ASCII	0.0
1771558584.999767	zeek	counter	zeek_net_received_bytes_total	(empty)	(empty)	641829007.0
1771558584.999767	zeek	counter	zeek_net_received_packets_total	(empty)	(empty)	501545.0
1771558584.999767	zeek	counter	zeek_net_dropped_packets_total	(empty)	(empty)	0.0
1771558584.999767	zeek	counter	zeek_net_link_packets_total	(empty)	(empty)	513462.0
1771558584.999767	zeek	counter	zeek_msgthread_threads_total	(empty)	(empty)	17.0
1771558584.999767	zeek	counter	zeek_msgthread_in_messages_total	(empty)	(empty)	210.0
1771558584.999767	zeek	counter	zeek_msgthread_out_messages_total	(empty)	(empty)	0.0
1771558584.999767	zeek	counter	zeek_cluster_core_outgoing_events_total	(empty)	(empty)	2.0
1771558584.999767	zeek	counter	zeek_cluster_core_incoming_events_total	(empty)	(empty)	0.0
1771558584.999767	zeek	counter	zeek_broker_incoming_events_total	(empty)	(empty)	0.0
1771558584.999767	zeek	counter	zeek_broker_outgoing_events_total	(empty)	(empty)	0.0
1771558584.999767	zeek	counter	zeek_broker_incoming_logs_total	(empty)	(empty)	0.0
1771558584.999767	zeek	counter	zeek_broker_outgoing_logs_total	(empty)	(empty)	0.0
1771558584.999767	zeek	counter	zeek_broker_incoming_ids_total	(empty)	(empty)	0.0
1771558584.999767	zeek	counter	zeek_broker_outgoing_ids_total	(empty)	(empty)	0.0
1771558584.999767	zeek	counter	zeek_timers_total	(empty)	(empty)	2447.0
1771558584.999767	zeek	counter	zeek_dnsmgr_requests_total	(empty)	(empty)	0.0
1771558584.999767	zeek	counter	zeek_dnsmgr_successful_requests_total	(empty)	(empty)	0.0
1771558584.999767	zeek	counter	zeek_dnsmgr_failed_requests_total	(empty)	(empty)	0.0
1771558584.999767	zeek	counter	zeek_triggers_total	(empty)	(empty)	0.0
1771558584.999767	zeek	counter	zeek_ended_sessions_total	reason	inactivity	32.0
1771558584.999767	zeek	counter	zeek_event_handler_invocations_total	name	dns_HTTPS	1.0
1771558584.999767	zeek	counter	zeek_event_handler_invocations_total	name	http_message_done	6.0
1771558584.999767	zeek	counter	zeek_event_handler_invocations_total	name	http_end_entity	6.0
1771558584.999767	zeek	counter	zeek_event_handler_invocations_total	name	http_header	3.0
1771558584.999767	zeek	counter	zeek_event_handler_invocations_total	name	http_request	3.0
1771558584.999767	zeek	counter	zeek_event_handler_invocations_total	name	dns_TXT_reply	6.0
1771558584.999767	zeek	counter	zeek_event_handler_invocations_total	name	dns_SRV_reply	6.0
1771558584.999767	zeek	counter	zeek_event_handler_invocations_total	name	x509_ext_basic_constraints	2.0
1771558584.999767	zeek	counter	zeek_event_handler_invocations_total	name	x509_ocsp_ext_signed_certificate_timestamp	3.0
1771558584.999767	zeek	counter	zeek_event_handler_invocations_total	name	x509_ext_subject_alternative_name	1.0
1771558584.999767	zeek	counter	zeek_event_handler_invocations_total	name	x509_extension	18.0
1771558584.999767	zeek	counter	zeek_event_handler_invocations_total	name	conn_weird	87.0
1771558584.999767	zeek	counter	zeek_event_handler_invocations_total	name	ssl_client_hello	93.0
1771558584.999767	zeek	counter	zeek_event_handler_invocations_total	name	file_sniff	6.0
1771558584.999767	zeek	counter	zeek_event_handler_invocations_total	name	ssl_extension_key_share	185.0
1771558584.999767	zeek	counter	zeek_event_handler_invocations_total	name	dns_rejected	17.0
1771558584.999767	zeek	counter	zeek_event_handler_invocations_total	name	http_begin_entity	6.0
1771558584.999767	zeek	counter	zeek_event_handler_invocations_total	name	ocsp_response_certificate	1.0
1771558584.999767	zeek	counter	zeek_event_handler_invocations_total	name	ssl_established	67.0
1771558584.999767	zeek	counter	zeek_event_handler_invocations_total	name	file_over_new_connection	6.0
1771558584.999767	zeek	counter	zeek_event_handler_invocations_total	name	ssl_change_cipher_spec	134.0
1771558584.999767	zeek	counter	zeek_event_handler_invocations_total	name	connection_state_remove	196.0
1771558584.999767	zeek	counter	zeek_event_handler_invocations_total	name	known_service_add	5.0
1771558584.999767	zeek	counter	zeek_event_handler_invocations_total	name	ssl_extension_server_name	93.0
1771558584.999767	zeek	counter	zeek_event_handler_invocations_total	name	NetControl::init	1.0
1771558584.999767	zeek	counter	zeek_event_handler_invocations_total	name	service_info_commit	97.0
1771558584.999767	zeek	counter	zeek_event_handler_invocations_total	name	ssl_ecdh_server_params	1.0
1771558584.999767	zeek	counter	zeek_event_handler_invocations_total	name	known_host_add	4.0
1771558584.999767	zeek	counter	zeek_event_handler_invocations_total	name	grab_vulnerable_versions	2.0
1771558584.999767	zeek	counter	zeek_event_handler_invocations_total	name	connection_established	70.0
1771558584.999767	zeek	counter	zeek_event_handler_invocations_total	name	ssl_server_hello	93.0
1771558584.999767	zeek	counter	zeek_event_handler_invocations_total	name	dns_AAAA_reply	18.0
1771558584.999767	zeek	counter	zeek_event_handler_invocations_total	name	dns_A_reply	134.0
1771558584.999767	zeek	counter	zeek_event_handler_invocations_total	name	ChecksumOffloading::check	2.0
1771558584.999767	zeek	counter	zeek_event_handler_invocations_total	name	QUIC::handshake_packet	69.0
1771558584.999767	zeek	counter	zeek_event_handler_invocations_total	name	Known::host_found	91.0
1771558584.999767	zeek	counter	zeek_event_handler_invocations_total	name	get_file_handle	9.0
1771558584.999767	zeek	counter	zeek_event_handler_invocations_total	name	ssl_plaintext_data	326.0
1771558584.999767	zeek	counter	zeek_event_handler_invocations_total	name	dns_PTR_reply	65.0
1771558584.999767	zeek	counter	zeek_event_handler_invocations_total	name	dns_CNAME_reply	47.0
1771558584.999767	zeek	counter	zeek_event_handler_invocations_total	name	ssl_extension_supported_versions	185.0
1771558584.999767	zeek	counter	zeek_event_handler_invocations_total	name	x509_certificate	2.0
1771558584.999767	zeek	counter	zeek_event_handler_invocations_total	name	Telemetry::log	3.0
1771558584.999767	zeek	counter	zeek_event_handler_invocations_total	name	ssl_extension	1839.0
1771558584.999767	zeek	counter	zeek_event_handler_invocations_total	name	ssl_extension_application_layer_protocol_negotiation	94.0
1771558584.999767	zeek	counter	zeek_event_handler_invocations_total	name	file_new	6.0
1771558584.999767	zeek	counter	zeek_event_handler_invocations_total	name	net_stats_update	1.0
1771558584.999767	zeek	counter	zeek_event_handler_invocations_total	name	file_state_remove	6.0
1771558584.999767	zeek	counter	zeek_event_handler_invocations_total	name	QUIC::initial_packet	211.0
1771558584.999767	zeek	counter	zeek_event_handler_invocations_total	name	SumStats::finish_epoch	3.0
1771558584.999767	zeek	counter	zeek_event_handler_invocations_total	name	zeek_init	1.0
1771558584.999767	zeek	counter	zeek_event_handler_invocations_total	name	dns_end	495.0
1771558584.999767	zeek	counter	zeek_event_handler_invocations_total	name	analyzer_confirmation_info	251.0
1771558584.999767	zeek	counter	zeek_event_handler_invocations_total	name	connection_flipped	8.0
1771558584.999767	zeek	counter	zeek_event_handler_invocations_total	name	dns_message	495.0
1771558584.999767	zeek	counter	zeek_event_handler_invocations_total	name	check_stats	1.0
1771558584.999767	zeek	counter	zeek_event_handler_invocations_total	name	ssl_handshake_message	192.0
1771558584.999767	zeek	counter	zeek_event_handler_invocations_total	name	dns_request	489.0
1771558584.999767	zeek	counter	zeek_event_handler_invocations_total	name	zeek_script_loaded	535.0
1771558584.999767	zeek	counter	zeek_event_handler_invocations_total	name	QUIC::short_header_packet_threshold_crossed	282.0
1771558584.999767	zeek	counter	zeek_event_handler_invocations_total	name	CaptureLoss::take_measurement	2.0
1771558584.999767	zeek	counter	zeek_event_handler_invocations_total	name	DHCP::aggregate_msgs	27.0
1771558584.999767	zeek	counter	zeek_event_handler_invocations_total	name	dhcp_message	27.0
1771558584.999767	zeek	counter	zeek_event_handler_invocations_total	name	new_connection	285.0
1771558584.999767	zeek	counter	zeek_event_handler_invocations_total	name	Broker::log_flush	116.0
1771558584.999767	zeek	counter	zeek_event_handler_invocations_total	name	http_reply	3.0
1771558584.999767	zeek	counter	zeek_event_handler_invocations_total	name	filter_change_tracking	2.0
1771558584.999767	zeek	counter	zeek_event_handler_invocations_total	name	file_hash	18.0
1771558584.999767	zeek	counter	zeek_event_handler_invocations_total	name	QUIC::zero_rtt_packet	35.0
1771558584.999767	zeek	counter	zeek_total_sessions_total	protocol	unknown	3.0
1771558584.999767	zeek	counter	zeek_total_sessions_total	protocol	icmp	4.0
1771558584.999767	zeek	counter	zeek_total_sessions_total	protocol	udp	189.0
1771558584.999767	zeek	counter	zeek_total_sessions_total	protocol	tcp	89.0
1771558584.999767	zeek	gauge	zeek_version_info	beta,commit,debug,major,minor,patch,version_number,version_string	false,0,false,8,1,0,80100,8.1.0	1.0
1771558584.999767	zeek	gauge	zeek_net_packet_lag_seconds	(empty)	(empty)	1.354614
1771558584.999767	zeek	gauge	zeek_net_timestamp_seconds	(empty)	(empty)	1771558584.999767
1771558584.999767	zeek	gauge	zeek_msgthread_active_threads	(empty)	(empty)	17.0
1771558584.999767	zeek	gauge	zeek_msgthread_pending_in_messages	(empty)	(empty)	0.0
1771558584.999767	zeek	gauge	zeek_msgthread_pending_out_messages	(empty)	(empty)	0.0
1771558584.999767	zeek	gauge	zeek_msgthread_pending_messages_in_buckets	leq	inf	17.0
1771558584.999767	zeek	gauge	zeek_msgthread_pending_messages_in_buckets	leq	1000	17.0
1771558584.999767	zeek	gauge	zeek_msgthread_pending_messages_in_buckets	leq	10000	17.0
1771558584.999767	zeek	gauge	zeek_msgthread_pending_messages_in_buckets	leq	10	17.0
1771558584.999767	zeek	gauge	zeek_msgthread_pending_messages_in_buckets	leq	100	17.0
1771558584.999767	zeek	gauge	zeek_msgthread_pending_messages_in_buckets	leq	1	17.0
1771558584.999767	zeek	gauge	zeek_msgthread_pending_messages_out_buckets	leq	inf	17.0
1771558584.999767	zeek	gauge	zeek_msgthread_pending_messages_out_buckets	leq	1000	17.0
1771558584.999767	zeek	gauge	zeek_msgthread_pending_messages_out_buckets	leq	10000	17.0
1771558584.999767	zeek	gauge	zeek_msgthread_pending_messages_out_buckets	leq	10	17.0
1771558584.999767	zeek	gauge	zeek_msgthread_pending_messages_out_buckets	leq	100	17.0
1771558584.999767	zeek	gauge	zeek_msgthread_pending_messages_out_buckets	leq	1	17.0
1771558584.999767	zeek	gauge	zeek_broker_peers	(empty)	(empty)	0.0
1771558584.999767	zeek	gauge	zeek_broker_stores	(empty)	(empty)	1.0
1771558584.999767	zeek	gauge	zeek_broker_pending_queries	(empty)	(empty)	0.0
1771558584.999767	zeek	gauge	zeek_timers_lag_time_seconds	(empty)	(empty)	0.017838
1771558584.999767	zeek	gauge	zeek_timers_pending	type	StorageExpire	1.0
1771558584.999767	zeek	gauge	zeek_timers_pending	type	LogDelayExpire	0.0
1771558584.999767	zeek	gauge	zeek_timers_pending	type	UnknownProtocolExpire	0.0
1771558584.999767	zeek	gauge	zeek_timers_pending	type	TimerMgrExpireTimer	0.0
1771558584.999767	zeek	gauge	zeek_timers_pending	type	LogFlushWriteBufferTimer	1.0
1771558584.999767	zeek	gauge	zeek_timers_pending	type	ParentProcessIDCheck	0.0
1771558584.999767	zeek	gauge	zeek_timers_pending	type	TriggerTimer	0.0
1771558584.999767	zeek	gauge	zeek_timers_pending	type	TCPConnectionResetTimer	0.0
1771558584.999767	zeek	gauge	zeek_timers_pending	type	TCPConnectionAttemptTimer	3.0
1771558584.999767	zeek	gauge	zeek_timers_pending	type	TableValTimer	34.0
1771558584.999767	zeek	gauge	zeek_timers_pending	type	NetworkTimer	0.0
1771558584.999767	zeek	gauge	zeek_timers_pending	type	RemoveConnection	0.0
1771558584.999767	zeek	gauge	zeek_timers_pending	type	NetWeirdTimer	0.0
1771558584.999767	zeek	gauge	zeek_timers_pending	type	IPTunnelInactivityTimer	0.0
1771558584.999767	zeek	gauge	zeek_timers_pending	type	RotateTimer	0.0
1771558584.999767	zeek	gauge	zeek_timers_pending	type	InterconnTimer	0.0
1771558584.999767	zeek	gauge	zeek_timers_pending	type	NTPExpireTimer	0.0
1771558584.999767	zeek	gauge	zeek_timers_pending	type	FragTimer	0.0
1771558584.999767	zeek	gauge	zeek_timers_pending	type	ScheduleTimer	6.0
1771558584.999767	zeek	gauge	zeek_timers_pending	type	TCPConnectionPartialClose	0.0
1771558584.999767	zeek	gauge	zeek_timers_pending	type	TCPConnectionExpireTimer	45.0
1771558584.999767	zeek	gauge	zeek_timers_pending	type	FlowWeirdTimer	0.0
1771558584.999767	zeek	gauge	zeek_timers_pending	type	ConnectionInactivityTimer	89.0
1771558584.999767	zeek	gauge	zeek_timers_pending	type	ThreadHeartbeat	1.0
1771558584.999767	zeek	gauge	zeek_timers_pending	type	BackdoorTimer	0.0
1771558584.999767	zeek	gauge	zeek_timers_pending	type	FileAnalysisInactivityTimer	6.0
1771558584.999767	zeek	gauge	zeek_timers_pending	type	ConnectionStatusUpdateTimer	0.0
1771558584.999767	zeek	gauge	zeek_timers_pending	type	TCPConnectionDeleteTimer	0.0
1771558584.999767	zeek	gauge	zeek_timers_pending	type	ProfileTimer	0.0
1771558584.999767	zeek	gauge	zeek_timers_pending	type	ConnectionExpireTimer	0.0
1771558584.999767	zeek	gauge	zeek_timers_pending	type	DNSExpireTimer	12.0
1771558584.999767	zeek	gauge	zeek_timers_pending	type	BreakpointTimer	0.0
1771558584.999767	zeek	gauge	zeek_timers_pending	type	RPCExpireTimer	0.0
1771558584.999767	zeek	gauge	zeek_timers_pending	type	NetbiosExpireTimer	0.0
1771558584.999767	zeek	gauge	zeek_timers_pending	type	ConnTupleWeirdTimer	0.0
1771558584.999767	zeek	gauge	zeek_timers_pending	type	ConnectionDeleteTimer	0.0
1771558584.999767	zeek	gauge	zeek_dnsmgr_pending_asyncs_requests	(empty)	(empty)	0.0
1771558584.999767	zeek	gauge	zeek_dnsmgr_cache_entries	type	text	0.0
1771558584.999767	zeek	gauge	zeek_dnsmgr_cache_entries	type	address	0.0
1771558584.999767	zeek	gauge	zeek_dnsmgr_cache_entries	type	host	0.0
1771558584.999767	zeek	gauge	zeek_pending_triggers	(empty)	(empty)	0.0
1771558584.999767	zeek	gauge	zeek_active_sessions	protocol	unknown	1.0
1771558584.999767	zeek	gauge	zeek_active_sessions	protocol	icmp	1.0
1771558584.999767	zeek	gauge	zeek_active_sessions	protocol	udp	46.0
1771558584.999767	zeek	gauge	zeek_active_sessions	protocol	tcp	41.0
1771558584.999767	zeek	counter	process_cpu_user_seconds_total	(empty)	(empty)	1.082
1771558584.999767	zeek	counter	process_cpu_system_seconds_total	(empty)	(empty)	0.281
1771558584.999767	zeek	gauge	process_resident_memory_bytes	(empty)	(empty)	111427584.0
1771558584.999767	zeek	gauge	process_virtual_memory_bytes	(empty)	(empty)	445860773888.0
1771558584.999767	zeek	gauge	process_open_fds	(empty)	(empty)	70.0
1771558584.999767	zeek	gauge	process_start_time_seconds	(empty)	(empty)	1771558464.652221
1771558645.000507	zeek	counter	zeek_log_stream_writes_total	module,stream	CaptureLoss,CaptureLoss::LOG	1.0
1771558645.000507	zeek	counter	zeek_log_stream_writes_total	module,stream	HTTP,HTTP::LOG	7.0
1771558645.000507	zeek	counter	zeek_log_stream_writes_total	module,stream	Conn,Conn::LOG	292.0
1771558645.000507	zeek	counter	zeek_log_stream_writes_total	module,stream	QUIC,QUIC::LOG	24.0
1771558645.000507	zeek	counter	zeek_log_stream_writes_total	module,stream	OCSP,OCSP::LOG	1.0
1771558645.000507	zeek	counter	zeek_log_stream_writes_total	module,stream	Files,Files::LOG	10.0
1771558645.000507	zeek	counter	zeek_log_stream_writes_total	module,stream	Known,Known::HOSTS_LOG	6.0
1771558645.000507	zeek	counter	zeek_log_stream_writes_total	module,stream	X509,X509::LOG	2.0
1771558645.000507	zeek	counter	zeek_log_stream_writes_total	module,stream	SSL,SSL::LOG	105.0
1771558645.000507	zeek	counter	zeek_log_stream_writes_total	module,stream	DHCP,DHCP::LOG	19.0
1771558645.000507	zeek	counter	zeek_log_stream_writes_total	module,stream	Stats,Stats::LOG	1.0
1771558645.000507	zeek	counter	zeek_log_stream_writes_total	module,stream	Weird,Weird::LOG	11.0
1771558645.000507	zeek	counter	zeek_log_stream_writes_total	module,stream	LoadedScripts,LoadedScripts::LOG	535.0
1771558645.000507	zeek	counter	zeek_log_stream_writes_total	module,stream	DNS,DNS::LOG	602.0
1771558645.000507	zeek	counter	zeek_log_stream_writes_total	module,stream	Known,Known::SERVICES_LOG	5.0
1771558645.000507	zeek	counter	zeek_log_stream_writes_total	module,stream	PacketFilter,PacketFilter::LOG	1.0
1771558645.000507	zeek	counter	zeek_log_stream_writes_total	module,stream	Telemetry,Telemetry::LOG	608.0
1771558645.000507	zeek	counter	zeek_log_writer_writes_total	filter_name,module,path,stream,writer	default,QUIC,quic,QUIC::LOG,Log::WRITER_ASCII	24.0
1771558645.000507	zeek	counter	zeek_log_writer_writes_total	filter_name,module,path,stream,writer	default,HTTP,http,HTTP::LOG,Log::WRITER_ASCII	7.0
1771558645.000507	zeek	counter	zeek_log_writer_writes_total	filter_name,module,path,stream,writer	default,Conn,conn,Conn::LOG,Log::WRITER_ASCII	292.0
1771558645.000507	zeek	counter	zeek_log_writer_writes_total	filter_name,module,path,stream,writer	default,Files,files,Files::LOG,Log::WRITER_ASCII	8.0
1771558645.000507	zeek	counter	zeek_log_writer_writes_total	filter_name,module,path,stream,writer	default,OCSP,ocsp,OCSP::LOG,Log::WRITER_ASCII	1.0
1771558645.000507	zeek	counter	zeek_log_writer_writes_total	filter_name,module,path,stream,writer	default,X509,x509,X509::LOG,Log::WRITER_ASCII	1.0
1771558645.000507	zeek	counter	zeek_log_writer_writes_total	filter_name,module,path,stream,writer	default,SSL,ssl,SSL::LOG,Log::WRITER_ASCII	105.0
1771558645.000507	zeek	counter	zeek_log_writer_writes_total	filter_name,module,path,stream,writer	default,Known,known_services,Known::SERVICES_LOG,Log::WRITER_ASCII	5.0
1771558645.000507	zeek	counter	zeek_log_writer_writes_total	filter_name,module,path,stream,writer	default,CaptureLoss,capture_loss,CaptureLoss::LOG,Log::WRITER_ASCII	1.0
1771558645.000507	zeek	counter	zeek_log_writer_writes_total	filter_name,module,path,stream,writer	default,Weird,weird,Weird::LOG,Log::WRITER_ASCII	11.0
1771558645.000507	zeek	counter	zeek_log_writer_writes_total	filter_name,module,path,stream,writer	default,Stats,stats,Stats::LOG,Log::WRITER_ASCII	1.0
1771558645.000507	zeek	counter	zeek_log_writer_writes_total	filter_name,module,path,stream,writer	default,DNS,dns,DNS::LOG,Log::WRITER_ASCII	602.0
1771558645.000507	zeek	counter	zeek_log_writer_writes_total	filter_name,module,path,stream,writer	default,Telemetry,telemetry,Telemetry::LOG,Log::WRITER_ASCII	608.0
1771558645.000507	zeek	counter	zeek_log_writer_writes_total	filter_name,module,path,stream,writer	default,DHCP,dhcp,DHCP::LOG,Log::WRITER_ASCII	19.0
1771558645.000507	zeek	counter	zeek_log_writer_writes_total	filter_name,module,path,stream,writer	default,PacketFilter,packet_filter,PacketFilter::LOG,Log::WRITER_ASCII	1.0
1771558645.000507	zeek	counter	zeek_log_writer_writes_total	filter_name,module,path,stream,writer	default,LoadedScripts,loaded_scripts,LoadedScripts::LOG,Log::WRITER_ASCII	535.0
1771558645.000507	zeek	counter	zeek_log_writer_writes_total	filter_name,module,path,stream,writer	default,Known,known_hosts,Known::HOSTS_LOG,Log::WRITER_ASCII	6.0
1771558645.000507	zeek	counter	zeek_log_writer_discarded_writes_total	filter_name,module,path,stream,writer	default,QUIC,quic,QUIC::LOG,Log::WRITER_ASCII	0.0
1771558645.000507	zeek	counter	zeek_log_writer_discarded_writes_total	filter_name,module,path,stream,writer	default,HTTP,http,HTTP::LOG,Log::WRITER_ASCII	0.0
1771558645.000507	zeek	counter	zeek_log_writer_discarded_writes_total	filter_name,module,path,stream,writer	default,Conn,conn,Conn::LOG,Log::WRITER_ASCII	0.0
1771558645.000507	zeek	counter	zeek_log_writer_discarded_writes_total	filter_name,module,path,stream,writer	default,Files,files,Files::LOG,Log::WRITER_ASCII	0.0
1771558645.000507	zeek	counter	zeek_log_writer_discarded_writes_total	filter_name,module,path,stream,writer	default,OCSP,ocsp,OCSP::LOG,Log::WRITER_ASCII	0.0
1771558645.000507	zeek	counter	zeek_log_writer_discarded_writes_total	filter_name,module,path,stream,writer	default,X509,x509,X509::LOG,Log::WRITER_ASCII	0.0
1771558645.000507	zeek	counter	zeek_log_writer_discarded_writes_total	filter_name,module,path,stream,writer	default,SSL,ssl,SSL::LOG,Log::WRITER_ASCII	0.0
1771558645.000507	zeek	counter	zeek_log_writer_discarded_writes_total	filter_name,module,path,stream,writer	default,Known,known_services,Known::SERVICES_LOG,Log::WRITER_ASCII	0.0
1771558645.000507	zeek	counter	zeek_log_writer_discarded_writes_total	filter_name,module,path,stream,writer	default,CaptureLoss,capture_loss,CaptureLoss::LOG,Log::WRITER_ASCII	0.0
1771558645.000507	zeek	counter	zeek_log_writer_discarded_writes_total	filter_name,module,path,stream,writer	default,Weird,weird,Weird::LOG,Log::WRITER_ASCII	0.0
1771558645.000507	zeek	counter	zeek_log_writer_discarded_writes_total	filter_name,module,path,stream,writer	default,Stats,stats,Stats::LOG,Log::WRITER_ASCII	0.0
1771558645.000507	zeek	counter	zeek_log_writer_discarded_writes_total	filter_name,module,path,stream,writer	default,DNS,dns,DNS::LOG,Log::WRITER_ASCII	0.0
1771558645.000507	zeek	counter	zeek_log_writer_discarded_writes_total	filter_name,module,path,stream,writer	default,Telemetry,telemetry,Telemetry::LOG,Log::WRITER_ASCII	0.0
1771558645.000507	zeek	counter	zeek_log_writer_discarded_writes_total	filter_name,module,path,stream,writer	default,DHCP,dhcp,DHCP::LOG,Log::WRITER_ASCII	0.0
1771558645.000507	zeek	counter	zeek_log_writer_discarded_writes_total	filter_name,module,path,stream,writer	default,PacketFilter,packet_filter,PacketFilter::LOG,Log::WRITER_ASCII	0.0
1771558645.000507	zeek	counter	zeek_log_writer_discarded_writes_total	filter_name,module,path,stream,writer	default,LoadedScripts,loaded_scripts,LoadedScripts::LOG,Log::WRITER_ASCII	0.0
1771558645.000507	zeek	counter	zeek_log_writer_discarded_writes_total	filter_name,module,path,stream,writer	default,Known,known_hosts,Known::HOSTS_LOG,Log::WRITER_ASCII	0.0
1771558645.000507	zeek	counter	zeek_log_writer_truncated_string_fields_total	filter_name,module,path,stream,writer	default,QUIC,quic,QUIC::LOG,Log::WRITER_ASCII	0.0
1771558645.000507	zeek	counter	zeek_log_writer_truncated_string_fields_total	filter_name,module,path,stream,writer	default,HTTP,http,HTTP::LOG,Log::WRITER_ASCII	0.0
1771558645.000507	zeek	counter	zeek_log_writer_truncated_string_fields_total	filter_name,module,path,stream,writer	default,Conn,conn,Conn::LOG,Log::WRITER_ASCII	0.0
1771558645.000507	zeek	counter	zeek_log_writer_truncated_string_fields_total	filter_name,module,path,stream,writer	default,Files,files,Files::LOG,Log::WRITER_ASCII	0.0
1771558645.000507	zeek	counter	zeek_log_writer_truncated_string_fields_total	filter_name,module,path,stream,writer	default,OCSP,ocsp,OCSP::LOG,Log::WRITER_ASCII	0.0
1771558645.000507	zeek	counter	zeek_log_writer_truncated_string_fields_total	filter_name,module,path,stream,writer	default,X509,x509,X509::LOG,Log::WRITER_ASCII	0.0
1771558645.000507	zeek	counter	zeek_log_writer_truncated_string_fields_total	filter_name,module,path,stream,writer	default,SSL,ssl,SSL::LOG,Log::WRITER_ASCII	0.0
1771558645.000507	zeek	counter	zeek_log_writer_truncated_string_fields_total	filter_name,module,path,stream,writer	default,Known,known_services,Known::SERVICES_LOG,Log::WRITER_ASCII	0.0
1771558645.000507	zeek	counter	zeek_log_writer_truncated_string_fields_total	filter_name,module,path,stream,writer	default,CaptureLoss,capture_loss,CaptureLoss::LOG,Log::WRITER_ASCII	0.0
1771558645.000507	zeek	counter	zeek_log_writer_truncated_string_fields_total	filter_name,module,path,stream,writer	default,Weird,weird,Weird::LOG,Log::WRITER_ASCII	0.0
1771558645.000507	zeek	counter	zeek_log_writer_truncated_string_fields_total	filter_name,module,path,stream,writer	default,Stats,stats,Stats::LOG,Log::WRITER_ASCII	0.0
1771558645.000507	zeek	counter	zeek_log_writer_truncated_string_fields_total	filter_name,module,path,stream,writer	default,DNS,dns,DNS::LOG,Log::WRITER_ASCII	0.0
1771558645.000507	zeek	counter	zeek_log_writer_truncated_string_fields_total	filter_name,module,path,stream,writer	default,Telemetry,telemetry,Telemetry::LOG,Log::WRITER_ASCII	0.0
1771558645.000507	zeek	counter	zeek_log_writer_truncated_string_fields_total	filter_name,module,path,stream,writer	default,DHCP,dhcp,DHCP::LOG,Log::WRITER_ASCII	0.0
1771558645.000507	zeek	counter	zeek_log_writer_truncated_string_fields_total	filter_name,module,path,stream,writer	default,PacketFilter,packet_filter,PacketFilter::LOG,Log::WRITER_ASCII	0.0
1771558645.000507	zeek	counter	zeek_log_writer_truncated_string_fields_total	filter_name,module,path,stream,writer	default,LoadedScripts,loaded_scripts,LoadedScripts::LOG,Log::WRITER_ASCII	0.0
1771558645.000507	zeek	counter	zeek_log_writer_truncated_string_fields_total	filter_name,module,path,stream,writer	default,Known,known_hosts,Known::HOSTS_LOG,Log::WRITER_ASCII	0.0
1771558645.000507	zeek	counter	zeek_log_writer_truncated_containers_total	filter_name,module,path,stream,writer	default,QUIC,quic,QUIC::LOG,Log::WRITER_ASCII	0.0
1771558645.000507	zeek	counter	zeek_log_writer_truncated_containers_total	filter_name,module,path,stream,writer	default,HTTP,http,HTTP::LOG,Log::WRITER_ASCII	0.0
1771558645.000507	zeek	counter	zeek_log_writer_truncated_containers_total	filter_name,module,path,stream,writer	default,Conn,conn,Conn::LOG,Log::WRITER_ASCII	0.0
1771558645.000507	zeek	counter	zeek_log_writer_truncated_containers_total	filter_name,module,path,stream,writer	default,Files,files,Files::LOG,Log::WRITER_ASCII	0.0
1771558645.000507	zeek	counter	zeek_log_writer_truncated_containers_total	filter_name,module,path,stream,writer	default,OCSP,ocsp,OCSP::LOG,Log::WRITER_ASCII	0.0
1771558645.000507	zeek	counter	zeek_log_writer_truncated_containers_total	filter_name,module,path,stream,writer	default,X509,x509,X509::LOG,Log::WRITER_ASCII	0.0
1771558645.000507	zeek	counter	zeek_log_writer_truncated_containers_total	filter_name,module,path,stream,writer	default,SSL,ssl,SSL::LOG,Log::WRITER_ASCII	0.0
1771558645.000507	zeek	counter	zeek_log_writer_truncated_containers_total	filter_name,module,path,stream,writer	default,Known,known_services,Known::SERVICES_LOG,Log::WRITER_ASCII	0.0
1771558645.000507	zeek	counter	zeek_log_writer_truncated_containers_total	filter_name,module,path,stream,writer	default,CaptureLoss,capture_loss,CaptureLoss::LOG,Log::WRITER_ASCII	0.0
1771558645.000507	zeek	counter	zeek_log_writer_truncated_containers_total	filter_name,module,path,stream,writer	default,Weird,weird,Weird::LOG,Log::WRITER_ASCII	0.0
1771558645.000507	zeek	counter	zeek_log_writer_truncated_containers_total	filter_name,module,path,stream,writer	default,Stats,stats,Stats::LOG,Log::WRITER_ASCII	0.0
1771558645.000507	zeek	counter	zeek_log_writer_truncated_containers_total	filter_name,module,path,stream,writer	default,DNS,dns,DNS::LOG,Log::WRITER_ASCII	0.0
1771558645.000507	zeek	counter	zeek_log_writer_truncated_containers_total	filter_name,module,path,stream,writer	default,Telemetry,telemetry,Telemetry::LOG,Log::WRITER_ASCII	0.0
1771558645.000507	zeek	counter	zeek_log_writer_truncated_containers_total	filter_name,module,path,stream,writer	default,DHCP,dhcp,DHCP::LOG,Log::WRITER_ASCII	0.0
1771558645.000507	zeek	counter	zeek_log_writer_truncated_containers_total	filter_name,module,path,stream,writer	default,PacketFilter,packet_filter,PacketFilter::LOG,Log::WRITER_ASCII	0.0
1771558645.000507	zeek	counter	zeek_log_writer_truncated_containers_total	filter_name,module,path,stream,writer	default,LoadedScripts,loaded_scripts,LoadedScripts::LOG,Log::WRITER_ASCII	0.0
1771558645.000507	zeek	counter	zeek_log_writer_truncated_containers_total	filter_name,module,path,stream,writer	default,Known,known_hosts,Known::HOSTS_LOG,Log::WRITER_ASCII	0.0
1771558645.000507	zeek	counter	zeek_net_received_bytes_total	(empty)	(empty)	720500583.0
1771558645.000507	zeek	counter	zeek_net_received_packets_total	(empty)	(empty)	565606.0
1771558645.000507	zeek	counter	zeek_net_dropped_packets_total	(empty)	(empty)	0.0
1771558645.000507	zeek	counter	zeek_net_link_packets_total	(empty)	(empty)	565630.0
1771558645.000507	zeek	counter	zeek_msgthread_threads_total	(empty)	(empty)	17.0
1771558645.000507	zeek	counter	zeek_msgthread_in_messages_total	(empty)	(empty)	305.0
1771558645.000507	zeek	counter	zeek_msgthread_out_messages_total	(empty)	(empty)	0.0
1771558645.000507	zeek	counter	zeek_cluster_core_outgoing_events_total	(empty)	(empty)	2.0
1771558645.000507	zeek	counter	zeek_cluster_core_incoming_events_total	(empty)	(empty)	0.0
1771558645.000507	zeek	counter	zeek_broker_incoming_events_total	(empty)	(empty)	0.0
1771558645.000507	zeek	counter	zeek_broker_outgoing_events_total	(empty)	(empty)	0.0
1771558645.000507	zeek	counter	zeek_broker_incoming_logs_total	(empty)	(empty)	0.0
1771558645.000507	zeek	counter	zeek_broker_outgoing_logs_total	(empty)	(empty)	0.0
1771558645.000507	zeek	counter	zeek_broker_incoming_ids_total	(empty)	(empty)	0.0
1771558645.000507	zeek	counter	zeek_broker_outgoing_ids_total	(empty)	(empty)	0.0
1771558645.000507	zeek	counter	zeek_timers_total	(empty)	(empty)	3510.0
1771558645.000507	zeek	counter	zeek_dnsmgr_requests_total	(empty)	(empty)	0.0
1771558645.000507	zeek	counter	zeek_dnsmgr_successful_requests_total	(empty)	(empty)	0.0
1771558645.000507	zeek	counter	zeek_dnsmgr_failed_requests_total	(empty)	(empty)	0.0
1771558645.000507	zeek	counter	zeek_triggers_total	(empty)	(empty)	0.0
1771558645.000507	zeek	counter	zeek_ended_sessions_total	reason	inactivity	58.0
1771558645.000507	zeek	counter	zeek_event_handler_invocations_total	name	dns_HTTPS	1.0
1771558645.000507	zeek	counter	zeek_event_handler_invocations_total	name	http_message_done	14.0
1771558645.000507	zeek	counter	zeek_event_handler_invocations_total	name	http_end_entity	14.0
1771558645.000507	zeek	counter	zeek_event_handler_invocations_total	name	http_header	5.0
1771558645.000507	zeek	counter	zeek_event_handler_invocations_total	name	http_request	7.0
1771558645.000507	zeek	counter	zeek_event_handler_invocations_total	name	dns_TXT_reply	16.0
1771558645.000507	zeek	counter	zeek_event_handler_invocations_total	name	dns_SRV_reply	6.0
1771558645.000507	zeek	counter	zeek_event_handler_invocations_total	name	x509_ext_basic_constraints	2.0
1771558645.000507	zeek	counter	zeek_event_handler_invocations_total	name	x509_ocsp_ext_signed_certificate_timestamp	3.0
1771558645.000507	zeek	counter	zeek_event_handler_invocations_total	name	x509_ext_subject_alternative_name	1.0
1771558645.000507	zeek	counter	zeek_event_handler_invocations_total	name	x509_extension	18.0
1771558645.000507	zeek	counter	zeek_event_handler_invocations_total	name	conn_weird	93.0
1771558645.000507	zeek	counter	zeek_event_handler_invocations_total	name	ssl_client_hello	118.0
1771558645.000507	zeek	counter	zeek_event_handler_invocations_total	name	file_sniff	10.0
1771558645.000507	zeek	counter	zeek_event_handler_invocations_total	name	ssl_extension_key_share	235.0
1771558645.000507	zeek	counter	zeek_event_handler_invocations_total	name	dns_rejected	23.0
1771558645.000507	zeek	counter	zeek_event_handler_invocations_total	name	http_begin_entity	14.0
1771558645.000507	zeek	counter	zeek_event_handler_invocations_total	name	ocsp_response_certificate	1.0
1771558645.000507	zeek	counter	zeek_event_handler_invocations_total	name	ssl_established	81.0
1771558645.000507	zeek	counter	zeek_event_handler_invocations_total	name	file_over_new_connection	10.0
1771558645.000507	zeek	counter	zeek_event_handler_invocations_total	name	ssl_change_cipher_spec	162.0
1771558645.000507	zeek	counter	zeek_event_handler_invocations_total	name	connection_state_remove	292.0
1771558645.000507	zeek	counter	zeek_event_handler_invocations_total	name	known_service_add	6.0
1771558645.000507	zeek	counter	zeek_event_handler_invocations_total	name	ssl_extension_server_name	118.0
1771558645.000507	zeek	counter	zeek_event_handler_invocations_total	name	NetControl::init	1.0
1771558645.000507	zeek	counter	zeek_event_handler_invocations_total	name	service_info_commit	130.0
1771558645.000507	zeek	counter	zeek_event_handler_invocations_total	name	ssl_ecdh_server_params	1.0
1771558645.000507	zeek	counter	zeek_event_handler_invocations_total	name	known_host_add	6.0
1771558645.000507	zeek	counter	zeek_event_handler_invocations_total	name	grab_vulnerable_versions	2.0
1771558645.000507	zeek	counter	zeek_event_handler_invocations_total	name	connection_established	88.0
1771558645.000507	zeek	counter	zeek_event_handler_invocations_total	name	ssl_server_hello	118.0
1771558645.000507	zeek	counter	zeek_event_handler_invocations_total	name	dns_AAAA_reply	57.0
1771558645.000507	zeek	counter	zeek_event_handler_invocations_total	name	dns_A_reply	194.0
1771558645.000507	zeek	counter	zeek_event_handler_invocations_total	name	ChecksumOffloading::check	2.0
1771558645.000507	zeek	counter	zeek_event_handler_invocations_total	name	QUIC::handshake_packet	99.0
1771558645.000507	zeek	counter	zeek_event_handler_invocations_total	name	Known::host_found	121.0
1771558645.000507	zeek	counter	zeek_event_handler_invocations_total	name	get_file_handle	21.0
1771558645.000507	zeek	counter	zeek_event_handler_invocations_total	name	ssl_plaintext_data	404.0
1771558645.000507	zeek	counter	zeek_event_handler_invocations_total	name	dns_PTR_reply	162.0
1771558645.000507	zeek	counter	zeek_event_handler_invocations_total	name	dns_CNAME_reply	58.0
1771558645.000507	zeek	counter	zeek_event_handler_invocations_total	name	ssl_extension_supported_versions	235.0
1771558645.000507	zeek	counter	zeek_event_handler_invocations_total	name	x509_certificate	2.0
1771558645.000507	zeek	counter	zeek_event_handler_invocations_total	name	Telemetry::log	4.0
1771558645.000507	zeek	counter	zeek_event_handler_invocations_total	name	ssl_extension	2310.0
1771558645.000507	zeek	counter	zeek_event_handler_invocations_total	name	ssl_extension_application_layer_protocol_negotiation	119.0
1771558645.000507	zeek	counter	zeek_event_handler_invocations_total	name	file_new	10.0
1771558645.000507	zeek	counter	zeek_event_handler_invocations_total	name	net_stats_update	1.0
1771558645.000507	zeek	counter	zeek_event_handler_invocations_total	name	file_state_remove	10.0
1771558645.000507	zeek	counter	zeek_event_handler_invocations_total	name	QUIC::initial_packet	278.0
1771558645.000507	zeek	counter	zeek_event_handler_invocations_total	name	SumStats::finish_epoch	3.0
1771558645.000507	zeek	counter	zeek_event_handler_invocations_total	name	zeek_init	1.0
1771558645.000507	zeek	counter	zeek_event_handler_invocations_total	name	dns_end	812.0
1771558645.000507	zeek	counter	zeek_event_handler_invocations_total	name	analyzer_confirmation_info	338.0
1771558645.000507	zeek	counter	zeek_event_handler_invocations_total	name	connection_flipped	9.0
1771558645.000507	zeek	counter	zeek_event_handler_invocations_total	name	dns_message	812.0
1771558645.000507	zeek	counter	zeek_event_handler_invocations_total	name	check_stats	1.0
1771558645.000507	zeek	counter	zeek_event_handler_invocations_total	name	ssl_handshake_message	242.0
1771558645.000507	zeek	counter	zeek_event_handler_invocations_total	name	dns_request	803.0
1771558645.000507	zeek	counter	zeek_event_handler_invocations_total	name	zeek_script_loaded	535.0
1771558645.000507	zeek	counter	zeek_event_handler_invocations_total	name	QUIC::short_header_packet_threshold_crossed	374.0
1771558645.000507	zeek	counter	zeek_event_handler_invocations_total	name	CaptureLoss::take_measurement	2.0
1771558645.000507	zeek	counter	zeek_event_handler_invocations_total	name	DHCP::aggregate_msgs	33.0
1771558645.000507	zeek	counter	zeek_event_handler_invocations_total	name	dhcp_message	33.0
1771558645.000507	zeek	counter	zeek_event_handler_invocations_total	name	new_connection	375.0
1771558645.000507	zeek	counter	zeek_event_handler_invocations_total	name	Broker::log_flush	171.0
1771558645.000507	zeek	counter	zeek_event_handler_invocations_total	name	http_reply	7.0
1771558645.000507	zeek	counter	zeek_event_handler_invocations_total	name	filter_change_tracking	2.0
1771558645.000507	zeek	counter	zeek_event_handler_invocations_total	name	file_hash	30.0
1771558645.000507	zeek	counter	zeek_event_handler_invocations_total	name	QUIC::zero_rtt_packet	52.0
1771558645.000507	zeek	counter	zeek_total_sessions_total	protocol	unknown	5.0
1771558645.000507	zeek	counter	zeek_total_sessions_total	protocol	icmp	6.0
1771558645.000507	zeek	counter	zeek_total_sessions_total	protocol	udp	257.0
1771558645.000507	zeek	counter	zeek_total_sessions_total	protocol	tcp	107.0
1771558645.000507	zeek	gauge	zeek_version_info	beta,commit,debug,major,minor,patch,version_number,version_string	false,0,false,8,1,0,80100,8.1.0	1.0
1771558645.000507	zeek	gauge	zeek_net_packet_lag_seconds	(empty)	(empty)	1.942666
1771558645.000507	zeek	gauge	zeek_net_timestamp_seconds	(empty)	(empty)	1771558645.000507
1771558645.000507	zeek	gauge	zeek_msgthread_active_threads	(empty)	(empty)	17.0
1771558645.000507	zeek	gauge	zeek_msgthread_pending_in_messages	(empty)	(empty)	0.0
1771558645.000507	zeek	gauge	zeek_msgthread_pending_out_messages	(empty)	(empty)	0.0
1771558645.000507	zeek	gauge	zeek_msgthread_pending_messages_in_buckets	leq	inf	17.0
1771558645.000507	zeek	gauge	zeek_msgthread_pending_messages_in_buckets	leq	1000	17.0
1771558645.000507	zeek	gauge	zeek_msgthread_pending_messages_in_buckets	leq	10000	17.0
1771558645.000507	zeek	gauge	zeek_msgthread_pending_messages_in_buckets	leq	10	17.0
1771558645.000507	zeek	gauge	zeek_msgthread_pending_messages_in_buckets	leq	100	17.0
1771558645.000507	zeek	gauge	zeek_msgthread_pending_messages_in_buckets	leq	1	17.0
1771558645.000507	zeek	gauge	zeek_msgthread_pending_messages_out_buckets	leq	inf	17.0
1771558645.000507	zeek	gauge	zeek_msgthread_pending_messages_out_buckets	leq	1000	17.0
1771558645.000507	zeek	gauge	zeek_msgthread_pending_messages_out_buckets	leq	10000	17.0
1771558645.000507	zeek	gauge	zeek_msgthread_pending_messages_out_buckets	leq	10	17.0
1771558645.000507	zeek	gauge	zeek_msgthread_pending_messages_out_buckets	leq	100	17.0
1771558645.000507	zeek	gauge	zeek_msgthread_pending_messages_out_buckets	leq	1	17.0
1771558645.000507	zeek	gauge	zeek_broker_peers	(empty)	(empty)	0.0
1771558645.000507	zeek	gauge	zeek_broker_stores	(empty)	(empty)	1.0
1771558645.000507	zeek	gauge	zeek_broker_pending_queries	(empty)	(empty)	0.0
1771558645.000507	zeek	gauge	zeek_timers_lag_time_seconds	(empty)	(empty)	0.00074
1771558645.000507	zeek	gauge	zeek_timers_pending	type	StorageExpire	1.0
1771558645.000507	zeek	gauge	zeek_timers_pending	type	LogDelayExpire	0.0
1771558645.000507	zeek	gauge	zeek_timers_pending	type	UnknownProtocolExpire	0.0
1771558645.000507	zeek	gauge	zeek_timers_pending	type	TimerMgrExpireTimer	0.0
1771558645.000507	zeek	gauge	zeek_timers_pending	type	LogFlushWriteBufferTimer	1.0
1771558645.000507	zeek	gauge	zeek_timers_pending	type	ParentProcessIDCheck	0.0
1771558645.000507	zeek	gauge	zeek_timers_pending	type	TriggerTimer	0.0
1771558645.000507	zeek	gauge	zeek_timers_pending	type	TCPConnectionResetTimer	0.0
1771558645.000507	zeek	gauge	zeek_timers_pending	type	TCPConnectionAttemptTimer	0.0
1771558645.000507	zeek	gauge	zeek_timers_pending	type	TableValTimer	34.0
1771558645.000507	zeek	gauge	zeek_timers_pending	type	NetworkTimer	0.0
1771558645.000507	zeek	gauge	zeek_timers_pending	type	RemoveConnection	0.0
1771558645.000507	zeek	gauge	zeek_timers_pending	type	NetWeirdTimer	0.0
1771558645.000507	zeek	gauge	zeek_timers_pending	type	IPTunnelInactivityTimer	0.0
1771558645.000507	zeek	gauge	zeek_timers_pending	type	RotateTimer	0.0
1771558645.000507	zeek	gauge	zeek_timers_pending	type	InterconnTimer	0.0
1771558645.000507	zeek	gauge	zeek_timers_pending	type	NTPExpireTimer	0.0
1771558645.000507	zeek	gauge	zeek_timers_pending	type	FragTimer	0.0
1771558645.000507	zeek	gauge	zeek_timers_pending	type	ScheduleTimer	6.0
1771558645.000507	zeek	gauge	zeek_timers_pending	type	TCPConnectionPartialClose	0.0
1771558645.000507	zeek	gauge	zeek_timers_pending	type	TCPConnectionExpireTimer	38.0
1771558645.000507	zeek	gauge	zeek_timers_pending	type	FlowWeirdTimer	0.0
1771558645.000507	zeek	gauge	zeek_timers_pending	type	ConnectionInactivityTimer	83.0
1771558645.000507	zeek	gauge	zeek_timers_pending	type	ThreadHeartbeat	1.0
1771558645.000507	zeek	gauge	zeek_timers_pending	type	BackdoorTimer	0.0
1771558645.000507	zeek	gauge	zeek_timers_pending	type	FileAnalysisInactivityTimer	5.0
1771558645.000507	zeek	gauge	zeek_timers_pending	type	ConnectionStatusUpdateTimer	0.0
1771558645.000507	zeek	gauge	zeek_timers_pending	type	TCPConnectionDeleteTimer	0.0
1771558645.000507	zeek	gauge	zeek_timers_pending	type	ProfileTimer	0.0
1771558645.000507	zeek	gauge	zeek_timers_pending	type	ConnectionExpireTimer	0.0
1771558645.000507	zeek	gauge	zeek_timers_pending	type	DNSExpireTimer	12.0
1771558645.000507	zeek	gauge	zeek_timers_pending	type	BreakpointTimer	0.0
1771558645.000507	zeek	gauge	zeek_timers_pending	type	RPCExpireTimer	0.0
1771558645.000507	zeek	gauge	zeek_timers_pending	type	NetbiosExpireTimer	0.0
1771558645.000507	zeek	gauge	zeek_timers_pending	type	ConnTupleWeirdTimer	0.0
1771558645.000507	zeek	gauge	zeek_timers_pending	type	ConnectionDeleteTimer	0.0
1771558645.000507	zeek	gauge	zeek_dnsmgr_pending_asyncs_requests	(empty)	(empty)	0.0
1771558645.000507	zeek	gauge	zeek_dnsmgr_cache_entries	type	text	0.0
1771558645.000507	zeek	gauge	zeek_dnsmgr_cache_entries	type	address	0.0
1771558645.000507	zeek	gauge	zeek_dnsmgr_cache_entries	type	host	0.0
1771558645.000507	zeek	gauge	zeek_pending_triggers	(empty)	(empty)	0.0
1771558645.000507	zeek	gauge	zeek_active_sessions	protocol	unknown	3.0
1771558645.000507	zeek	gauge	zeek_active_sessions	protocol	icmp	2.0
1771558645.000507	zeek	gauge	zeek_active_sessions	protocol	udp	44.0
1771558645.000507	zeek	gauge	zeek_active_sessions	protocol	tcp	34.0
1771558645.000507	zeek	counter	process_cpu_user_seconds_total	(empty)	(empty)	1.294
1771558645.000507	zeek	counter	process_cpu_system_seconds_total	(empty)	(empty)	0.336
1771558645.000507	zeek	gauge	process_resident_memory_bytes	(empty)	(empty)	114606080.0
1771558645.000507	zeek	gauge	process_virtual_memory_bytes	(empty)	(empty)	445860773888.0
1771558645.000507	zeek	gauge	process_open_fds	(empty)	(empty)	70.0
1771558645.000507	zeek	gauge	process_start_time_seconds	(empty)	(empty)	1771558464.652221
1771558705.001342	zeek	counter	zeek_log_stream_writes_total	module,stream	CaptureLoss,CaptureLoss::LOG	1.0
1771558705.001342	zeek	counter	zeek_log_stream_writes_total	module,stream	HTTP,HTTP::LOG	9.0
1771558705.001342	zeek	counter	zeek_log_stream_writes_total	module,stream	Conn,Conn::LOG	397.0
1771558705.001342	zeek	counter	zeek_log_stream_writes_total	module,stream	QUIC,QUIC::LOG	35.0
1771558705.001342	zeek	counter	zeek_log_stream_writes_total	module,stream	OCSP,OCSP::LOG	1.0
1771558705.001342	zeek	counter	zeek_log_stream_writes_total	module,stream	Files,Files::LOG	12.0
1771558705.001342	zeek	counter	zeek_log_stream_writes_total	module,stream	Known,Known::HOSTS_LOG	6.0
1771558705.001342	zeek	counter	zeek_log_stream_writes_total	module,stream	X509,X509::LOG	2.0
1771558705.001342	zeek	counter	zeek_log_stream_writes_total	module,stream	SSL,SSL::LOG	124.0
1771558705.001342	zeek	counter	zeek_log_stream_writes_total	module,stream	DHCP,DHCP::LOG	26.0
1771558705.001342	zeek	counter	zeek_log_stream_writes_total	module,stream	Stats,Stats::LOG	1.0
1771558705.001342	zeek	counter	zeek_log_stream_writes_total	module,stream	Weird,Weird::LOG	12.0
1771558705.001342	zeek	counter	zeek_log_stream_writes_total	module,stream	LoadedScripts,LoadedScripts::LOG	535.0
1771558705.001342	zeek	counter	zeek_log_stream_writes_total	module,stream	DNS,DNS::LOG	728.0
1771558705.001342	zeek	counter	zeek_log_stream_writes_total	module,stream	Known,Known::SERVICES_LOG	5.0
1771558705.001342	zeek	counter	zeek_log_stream_writes_total	module,stream	PacketFilter,PacketFilter::LOG	1.0
1771558705.001342	zeek	counter	zeek_log_stream_writes_total	module,stream	Telemetry,Telemetry::LOG	860.0
1771558705.001342	zeek	counter	zeek_log_writer_writes_total	filter_name,module,path,stream,writer	default,QUIC,quic,QUIC::LOG,Log::WRITER_ASCII	35.0
1771558705.001342	zeek	counter	zeek_log_writer_writes_total	filter_name,module,path,stream,writer	default,HTTP,http,HTTP::LOG,Log::WRITER_ASCII	9.0
1771558705.001342	zeek	counter	zeek_log_writer_writes_total	filter_name,module,path,stream,writer	default,Conn,conn,Conn::LOG,Log::WRITER_ASCII	397.0
1771558705.001342	zeek	counter	zeek_log_writer_writes_total	filter_name,module,path,stream,writer	default,Files,files,Files::LOG,Log::WRITER_ASCII	10.0
1771558705.001342	zeek	counter	zeek_log_writer_writes_total	filter_name,module,path,stream,writer	default,OCSP,ocsp,OCSP::LOG,Log::WRITER_ASCII	1.0
1771558705.001342	zeek	counter	zeek_log_writer_writes_total	filter_name,module,path,stream,writer	default,X509,x509,X509::LOG,Log::WRITER_ASCII	1.0
1771558705.001342	zeek	counter	zeek_log_writer_writes_total	filter_name,module,path,stream,writer	default,SSL,ssl,SSL::LOG,Log::WRITER_ASCII	124.0
1771558705.001342	zeek	counter	zeek_log_writer_writes_total	filter_name,module,path,stream,writer	default,Known,known_services,Known::SERVICES_LOG,Log::WRITER_ASCII	5.0
1771558705.001342	zeek	counter	zeek_log_writer_writes_total	filter_name,module,path,stream,writer	default,CaptureLoss,capture_loss,CaptureLoss::LOG,Log::WRITER_ASCII	1.0
1771558705.001342	zeek	counter	zeek_log_writer_writes_total	filter_name,module,path,stream,writer	default,Weird,weird,Weird::LOG,Log::WRITER_ASCII	12.0
1771558705.001342	zeek	counter	zeek_log_writer_writes_total	filter_name,module,path,stream,writer	default,Stats,stats,Stats::LOG,Log::WRITER_ASCII	1.0
1771558705.001342	zeek	counter	zeek_log_writer_writes_total	filter_name,module,path,stream,writer	default,DNS,dns,DNS::LOG,Log::WRITER_ASCII	728.0
1771558705.001342	zeek	counter	zeek_log_writer_writes_total	filter_name,module,path,stream,writer	default,Telemetry,telemetry,Telemetry::LOG,Log::WRITER_ASCII	860.0
1771558705.001342	zeek	counter	zeek_log_writer_writes_total	filter_name,module,path,stream,writer	default,DHCP,dhcp,DHCP::LOG,Log::WRITER_ASCII	26.0
1771558705.001342	zeek	counter	zeek_log_writer_writes_total	filter_name,module,path,stream,writer	default,PacketFilter,packet_filter,PacketFilter::LOG,Log::WRITER_ASCII	1.0
1771558705.001342	zeek	counter	zeek_log_writer_writes_total	filter_name,module,path,stream,writer	default,LoadedScripts,loaded_scripts,LoadedScripts::LOG,Log::WRITER_ASCII	535.0
1771558705.001342	zeek	counter	zeek_log_writer_writes_total	filter_name,module,path,stream,writer	default,Known,known_hosts,Known::HOSTS_LOG,Log::WRITER_ASCII	6.0
1771558705.001342	zeek	counter	zeek_log_writer_discarded_writes_total	filter_name,module,path,stream,writer	default,QUIC,quic,QUIC::LOG,Log::WRITER_ASCII	0.0
1771558705.001342	zeek	counter	zeek_log_writer_discarded_writes_total	filter_name,module,path,stream,writer	default,HTTP,http,HTTP::LOG,Log::WRITER_ASCII	0.0
1771558705.001342	zeek	counter	zeek_log_writer_discarded_writes_total	filter_name,module,path,stream,writer	default,Conn,conn,Conn::LOG,Log::WRITER_ASCII	0.0
1771558705.001342	zeek	counter	zeek_log_writer_discarded_writes_total	filter_name,module,path,stream,writer	default,Files,files,Files::LOG,Log::WRITER_ASCII	0.0
1771558705.001342	zeek	counter	zeek_log_writer_discarded_writes_total	filter_name,module,path,stream,writer	default,OCSP,ocsp,OCSP::LOG,Log::WRITER_ASCII	0.0
1771558705.001342	zeek	counter	zeek_log_writer_discarded_writes_total	filter_name,module,path,stream,writer	default,X509,x509,X509::LOG,Log::WRITER_ASCII	0.0
1771558705.001342	zeek	counter	zeek_log_writer_discarded_writes_total	filter_name,module,path,stream,writer	default,SSL,ssl,SSL::LOG,Log::WRITER_ASCII	0.0
1771558705.001342	zeek	counter	zeek_log_writer_discarded_writes_total	filter_name,module,path,stream,writer	default,Known,known_services,Known::SERVICES_LOG,Log::WRITER_ASCII	0.0
1771558705.001342	zeek	counter	zeek_log_writer_discarded_writes_total	filter_name,module,path,stream,writer	default,CaptureLoss,capture_loss,CaptureLoss::LOG,Log::WRITER_ASCII	0.0
1771558705.001342	zeek	counter	zeek_log_writer_discarded_writes_total	filter_name,module,path,stream,writer	default,Weird,weird,Weird::LOG,Log::WRITER_ASCII	0.0
1771558705.001342	zeek	counter	zeek_log_writer_discarded_writes_total	filter_name,module,path,stream,writer	default,Stats,stats,Stats::LOG,Log::WRITER_ASCII	0.0
1771558705.001342	zeek	counter	zeek_log_writer_discarded_writes_total	filter_name,module,path,stream,writer	default,DNS,dns,DNS::LOG,Log::WRITER_ASCII	0.0
1771558705.001342	zeek	counter	zeek_log_writer_discarded_writes_total	filter_name,module,path,stream,writer	default,Telemetry,telemetry,Telemetry::LOG,Log::WRITER_ASCII	0.0
1771558705.001342	zeek	counter	zeek_log_writer_discarded_writes_total	filter_name,module,path,stream,writer	default,DHCP,dhcp,DHCP::LOG,Log::WRITER_ASCII	0.0
1771558705.001342	zeek	counter	zeek_log_writer_discarded_writes_total	filter_name,module,path,stream,writer	default,PacketFilter,packet_filter,PacketFilter::LOG,Log::WRITER_ASCII	0.0
1771558705.001342	zeek	counter	zeek_log_writer_discarded_writes_total	filter_name,module,path,stream,writer	default,LoadedScripts,loaded_scripts,LoadedScripts::LOG,Log::WRITER_ASCII	0.0
1771558705.001342	zeek	counter	zeek_log_writer_discarded_writes_total	filter_name,module,path,stream,writer	default,Known,known_hosts,Known::HOSTS_LOG,Log::WRITER_ASCII	0.0
1771558705.001342	zeek	counter	zeek_log_writer_truncated_string_fields_total	filter_name,module,path,stream,writer	default,QUIC,quic,QUIC::LOG,Log::WRITER_ASCII	0.0
1771558705.001342	zeek	counter	zeek_log_writer_truncated_string_fields_total	filter_name,module,path,stream,writer	default,HTTP,http,HTTP::LOG,Log::WRITER_ASCII	0.0
1771558705.001342	zeek	counter	zeek_log_writer_truncated_string_fields_total	filter_name,module,path,stream,writer	default,Conn,conn,Conn::LOG,Log::WRITER_ASCII	0.0
1771558705.001342	zeek	counter	zeek_log_writer_truncated_string_fields_total	filter_name,module,path,stream,writer	default,Files,files,Files::LOG,Log::WRITER_ASCII	0.0
1771558705.001342	zeek	counter	zeek_log_writer_truncated_string_fields_total	filter_name,module,path,stream,writer	default,OCSP,ocsp,OCSP::LOG,Log::WRITER_ASCII	0.0
1771558705.001342	zeek	counter	zeek_log_writer_truncated_string_fields_total	filter_name,module,path,stream,writer	default,X509,x509,X509::LOG,Log::WRITER_ASCII	0.0
1771558705.001342	zeek	counter	zeek_log_writer_truncated_string_fields_total	filter_name,module,path,stream,writer	default,SSL,ssl,SSL::LOG,Log::WRITER_ASCII	0.0
1771558705.001342	zeek	counter	zeek_log_writer_truncated_string_fields_total	filter_name,module,path,stream,writer	default,Known,known_services,Known::SERVICES_LOG,Log::WRITER_ASCII	0.0
1771558705.001342	zeek	counter	zeek_log_writer_truncated_string_fields_total	filter_name,module,path,stream,writer	default,CaptureLoss,capture_loss,CaptureLoss::LOG,Log::WRITER_ASCII	0.0
1771558705.001342	zeek	counter	zeek_log_writer_truncated_string_fields_total	filter_name,module,path,stream,writer	default,Weird,weird,Weird::LOG,Log::WRITER_ASCII	0.0
1771558705.001342	zeek	counter	zeek_log_writer_truncated_string_fields_total	filter_name,module,path,stream,writer	default,Stats,stats,Stats::LOG,Log::WRITER_ASCII	0.0
1771558705.001342	zeek	counter	zeek_log_writer_truncated_string_fields_total	filter_name,module,path,stream,writer	default,DNS,dns,DNS::LOG,Log::WRITER_ASCII	0.0
1771558705.001342	zeek	counter	zeek_log_writer_truncated_string_fields_total	filter_name,module,path,stream,writer	default,Telemetry,telemetry,Telemetry::LOG,Log::WRITER_ASCII	0.0
1771558705.001342	zeek	counter	zeek_log_writer_truncated_string_fields_total	filter_name,module,path,stream,writer	default,DHCP,dhcp,DHCP::LOG,Log::WRITER_ASCII	0.0
1771558705.001342	zeek	counter	zeek_log_writer_truncated_string_fields_total	filter_name,module,path,stream,writer	default,PacketFilter,packet_filter,PacketFilter::LOG,Log::WRITER_ASCII	0.0
1771558705.001342	zeek	counter	zeek_log_writer_truncated_string_fields_total	filter_name,module,path,stream,writer	default,LoadedScripts,loaded_scripts,LoadedScripts::LOG,Log::WRITER_ASCII	0.0
1771558705.001342	zeek	counter	zeek_log_writer_truncated_string_fields_total	filter_name,module,path,stream,writer	default,Known,known_hosts,Known::HOSTS_LOG,Log::WRITER_ASCII	0.0
1771558705.001342	zeek	counter	zeek_log_writer_truncated_containers_total	filter_name,module,path,stream,writer	default,QUIC,quic,QUIC::LOG,Log::WRITER_ASCII	0.0
1771558705.001342	zeek	counter	zeek_log_writer_truncated_containers_total	filter_name,module,path,stream,writer	default,HTTP,http,HTTP::LOG,Log::WRITER_ASCII	0.0
1771558705.001342	zeek	counter	zeek_log_writer_truncated_containers_total	filter_name,module,path,stream,writer	default,Conn,conn,Conn::LOG,Log::WRITER_ASCII	0.0
1771558705.001342	zeek	counter	zeek_log_writer_truncated_containers_total	filter_name,module,path,stream,writer	default,Files,files,Files::LOG,Log::WRITER_ASCII	0.0
1771558705.001342	zeek	counter	zeek_log_writer_truncated_containers_total	filter_name,module,path,stream,writer	default,OCSP,ocsp,OCSP::LOG,Log::WRITER_ASCII	0.0
1771558705.001342	zeek	counter	zeek_log_writer_truncated_containers_total	filter_name,module,path,stream,writer	default,X509,x509,X509::LOG,Log::WRITER_ASCII	0.0
1771558705.001342	zeek	counter	zeek_log_writer_truncated_containers_total	filter_name,module,path,stream,writer	default,SSL,ssl,SSL::LOG,Log::WRITER_ASCII	0.0
1771558705.001342	zeek	counter	zeek_log_writer_truncated_containers_total	filter_name,module,path,stream,writer	default,Known,known_services,Known::SERVICES_LOG,Log::WRITER_ASCII	0.0
1771558705.001342	zeek	counter	zeek_log_writer_truncated_containers_total	filter_name,module,path,stream,writer	default,CaptureLoss,capture_loss,CaptureLoss::LOG,Log::WRITER_ASCII	0.0
1771558705.001342	zeek	counter	zeek_log_writer_truncated_containers_total	filter_name,module,path,stream,writer	default,Weird,weird,Weird::LOG,Log::WRITER_ASCII	0.0
1771558705.001342	zeek	counter	zeek_log_writer_truncated_containers_total	filter_name,module,path,stream,writer	default,Stats,stats,Stats::LOG,Log::WRITER_ASCII	0.0
1771558705.001342	zeek	counter	zeek_log_writer_truncated_containers_total	filter_name,module,path,stream,writer	default,DNS,dns,DNS::LOG,Log::WRITER_ASCII	0.0
1771558705.001342	zeek	counter	zeek_log_writer_truncated_containers_total	filter_name,module,path,stream,writer	default,Telemetry,telemetry,Telemetry::LOG,Log::WRITER_ASCII	0.0
1771558705.001342	zeek	counter	zeek_log_writer_truncated_containers_total	filter_name,module,path,stream,writer	default,DHCP,dhcp,DHCP::LOG,Log::WRITER_ASCII	0.0
1771558705.001342	zeek	counter	zeek_log_writer_truncated_containers_total	filter_name,module,path,stream,writer	default,PacketFilter,packet_filter,PacketFilter::LOG,Log::WRITER_ASCII	0.0
1771558705.001342	zeek	counter	zeek_log_writer_truncated_containers_total	filter_name,module,path,stream,writer	default,LoadedScripts,loaded_scripts,LoadedScripts::LOG,Log::WRITER_ASCII	0.0
1771558705.001342	zeek	counter	zeek_log_writer_truncated_containers_total	filter_name,module,path,stream,writer	default,Known,known_hosts,Known::HOSTS_LOG,Log::WRITER_ASCII	0.0
1771558705.001342	zeek	counter	zeek_net_received_bytes_total	(empty)	(empty)	722590815.0
1771558705.001342	zeek	counter	zeek_net_received_packets_total	(empty)	(empty)	569098.0
1771558705.001342	zeek	counter	zeek_net_dropped_packets_total	(empty)	(empty)	0.0
1771558705.001342	zeek	counter	zeek_net_link_packets_total	(empty)	(empty)	571925.0
1771558705.001342	zeek	counter	zeek_msgthread_threads_total	(empty)	(empty)	17.0
1771558705.001342	zeek	counter	zeek_msgthread_in_messages_total	(empty)	(empty)	400.0
1771558705.001342	zeek	counter	zeek_msgthread_out_messages_total	(empty)	(empty)	0.0
1771558705.001342	zeek	counter	zeek_cluster_core_outgoing_events_total	(empty)	(empty)	2.0
1771558705.001342	zeek	counter	zeek_cluster_core_incoming_events_total	(empty)	(empty)	0.0
1771558705.001342	zeek	counter	zeek_broker_incoming_events_total	(empty)	(empty)	0.0
1771558705.001342	zeek	counter	zeek_broker_outgoing_events_total	(empty)	(empty)	0.0
1771558705.001342	zeek	counter	zeek_broker_incoming_logs_total	(empty)	(empty)	0.0
1771558705.001342	zeek	counter	zeek_broker_outgoing_logs_total	(empty)	(empty)	0.0
1771558705.001342	zeek	counter	zeek_broker_incoming_ids_total	(empty)	(empty)	0.0
1771558705.001342	zeek	counter	zeek_broker_outgoing_ids_total	(empty)	(empty)	0.0
1771558705.001342	zeek	counter	zeek_timers_total	(empty)	(empty)	4496.0
1771558705.001342	zeek	counter	zeek_dnsmgr_requests_total	(empty)	(empty)	0.0
1771558705.001342	zeek	counter	zeek_dnsmgr_successful_requests_total	(empty)	(empty)	0.0
1771558705.001342	zeek	counter	zeek_dnsmgr_failed_requests_total	(empty)	(empty)	0.0
1771558705.001342	zeek	counter	zeek_triggers_total	(empty)	(empty)	0.0
1771558705.001342	zeek	counter	zeek_ended_sessions_total	reason	inactivity	83.0
1771558705.001342	zeek	counter	zeek_event_handler_invocations_total	name	dns_HTTPS	3.0
1771558705.001342	zeek	counter	zeek_event_handler_invocations_total	name	http_message_done	18.0
1771558705.001342	zeek	counter	zeek_event_handler_invocations_total	name	http_end_entity	18.0
1771558705.001342	zeek	counter	zeek_event_handler_invocations_total	name	http_header	7.0
1771558705.001342	zeek	counter	zeek_event_handler_invocations_total	name	http_request	9.0
1771558705.001342	zeek	counter	zeek_event_handler_invocations_total	name	dns_TXT_reply	27.0
1771558705.001342	zeek	counter	zeek_event_handler_invocations_total	name	dns_SRV_reply	15.0
1771558705.001342	zeek	counter	zeek_event_handler_invocations_total	name	x509_ext_basic_constraints	2.0
1771558705.001342	zeek	counter	zeek_event_handler_invocations_total	name	x509_ocsp_ext_signed_certificate_timestamp	3.0
1771558705.001342	zeek	counter	zeek_event_handler_invocations_total	name	x509_ext_subject_alternative_name	1.0
1771558705.001342	zeek	counter	zeek_event_handler_invocations_total	name	x509_extension	18.0
1771558705.001342	zeek	counter	zeek_event_handler_invocations_total	name	conn_weird	99.0
1771558705.001342	zeek	counter	zeek_event_handler_invocations_total	name	ssl_client_hello	136.0
1771558705.001342	zeek	counter	zeek_event_handler_invocations_total	name	file_sniff	12.0
1771558705.001342	zeek	counter	zeek_event_handler_invocations_total	name	ssl_extension_key_share	271.0
1771558705.001342	zeek	counter	zeek_event_handler_invocations_total	name	dns_rejected	24.0
1771558705.001342	zeek	counter	zeek_event_handler_invocations_total	name	http_begin_entity	18.0
1771558705.001342	zeek	counter	zeek_event_handler_invocations_total	name	ocsp_response_certificate	1.0
1771558705.001342	zeek	counter	zeek_event_handler_invocations_total	name	ssl_established	89.0
1771558705.001342	zeek	counter	zeek_event_handler_invocations_total	name	file_over_new_connection	12.0
1771558705.001342	zeek	counter	zeek_event_handler_invocations_total	name	ssl_change_cipher_spec	178.0
1771558705.001342	zeek	counter	zeek_event_handler_invocations_total	name	connection_state_remove	397.0
1771558705.001342	zeek	counter	zeek_event_handler_invocations_total	name	known_service_add	6.0
1771558705.001342	zeek	counter	zeek_event_handler_invocations_total	name	ssl_extension_server_name	136.0
1771558705.001342	zeek	counter	zeek_event_handler_invocations_total	name	NetControl::init	1.0
1771558705.001342	zeek	counter	zeek_event_handler_invocations_total	name	service_info_commit	159.0
1771558705.001342	zeek	counter	zeek_event_handler_invocations_total	name	ssl_ecdh_server_params	1.0
1771558705.001342	zeek	counter	zeek_event_handler_invocations_total	name	known_host_add	6.0
1771558705.001342	zeek	counter	zeek_event_handler_invocations_total	name	grab_vulnerable_versions	2.0
1771558705.001342	zeek	counter	zeek_event_handler_invocations_total	name	connection_established	98.0
1771558705.001342	zeek	counter	zeek_event_handler_invocations_total	name	ssl_server_hello	136.0
1771558705.001342	zeek	counter	zeek_event_handler_invocations_total	name	dns_AAAA_reply	66.0
1771558705.001342	zeek	counter	zeek_event_handler_invocations_total	name	dns_A_reply	252.0
1771558705.001342	zeek	counter	zeek_event_handler_invocations_total	name	ChecksumOffloading::check	2.0
1771558705.001342	zeek	counter	zeek_event_handler_invocations_total	name	QUIC::handshake_packet	125.0
1771558705.001342	zeek	counter	zeek_event_handler_invocations_total	name	Known::host_found	141.0
1771558705.001342	zeek	counter	zeek_event_handler_invocations_total	name	get_file_handle	27.0
1771558705.001342	zeek	counter	zeek_event_handler_invocations_total	name	ssl_plaintext_data	456.0
1771558705.001342	zeek	counter	zeek_event_handler_invocations_total	name	dns_PTR_reply	239.0
1771558705.001342	zeek	counter	zeek_event_handler_invocations_total	name	dns_CNAME_reply	71.0
1771558705.001342	zeek	counter	zeek_event_handler_invocations_total	name	ssl_extension_supported_versions	271.0
1771558705.001342	zeek	counter	zeek_event_handler_invocations_total	name	x509_certificate	2.0
1771558705.001342	zeek	counter	zeek_event_handler_invocations_total	name	Telemetry::log	5.0
1771558705.001342	zeek	counter	zeek_event_handler_invocations_total	name	ssl_extension	2640.0
1771558705.001342	zeek	counter	zeek_event_handler_invocations_total	name	ssl_extension_application_layer_protocol_negotiation	137.0
1771558705.001342	zeek	counter	zeek_event_handler_invocations_total	name	file_new	12.0
1771558705.001342	zeek	counter	zeek_event_handler_invocations_total	name	net_stats_update	1.0
1771558705.001342	zeek	counter	zeek_event_handler_invocations_total	name	file_state_remove	12.0
1771558705.001342	zeek	counter	zeek_event_handler_invocations_total	name	QUIC::initial_packet	335.0
1771558705.001342	zeek	counter	zeek_event_handler_invocations_total	name	SumStats::finish_epoch	3.0
1771558705.001342	zeek	counter	zeek_event_handler_invocations_total	name	zeek_init	1.0
1771558705.001342	zeek	counter	zeek_event_handler_invocations_total	name	dns_end	999.0
1771558705.001342	zeek	counter	zeek_event_handler_invocations_total	name	analyzer_confirmation_info	429.0
1771558705.001342	zeek	counter	zeek_event_handler_invocations_total	name	connection_flipped	16.0
1771558705.001342	zeek	counter	zeek_event_handler_invocations_total	name	dns_message	999.0
1771558705.001342	zeek	counter	zeek_event_handler_invocations_total	name	check_stats	1.0
1771558705.001342	zeek	counter	zeek_event_handler_invocations_total	name	ssl_handshake_message	278.0
1771558705.001342	zeek	counter	zeek_event_handler_invocations_total	name	dns_request	1010.0
1771558705.001342	zeek	counter	zeek_event_handler_invocations_total	name	zeek_script_loaded	535.0
1771558705.001342	zeek	counter	zeek_event_handler_invocations_total	name	QUIC::short_header_packet_threshold_crossed	450.0
1771558705.001342	zeek	counter	zeek_event_handler_invocations_total	name	CaptureLoss::take_measurement	2.0
1771558705.001342	zeek	counter	zeek_event_handler_invocations_total	name	DHCP::aggregate_msgs	47.0
1771558705.001342	zeek	counter	zeek_event_handler_invocations_total	name	dhcp_message	47.0
1771558705.001342	zeek	counter	zeek_event_handler_invocations_total	name	new_connection	473.0
1771558705.001342	zeek	counter	zeek_event_handler_invocations_total	name	Broker::log_flush	224.0
1771558705.001342	zeek	counter	zeek_event_handler_invocations_total	name	http_reply	9.0
1771558705.001342	zeek	counter	zeek_event_handler_invocations_total	name	filter_change_tracking	2.0
1771558705.001342	zeek	counter	zeek_event_handler_invocations_total	name	file_hash	36.0
1771558705.001342	zeek	counter	zeek_event_handler_invocations_total	name	QUIC::zero_rtt_packet	66.0
1771558705.001342	zeek	counter	zeek_total_sessions_total	protocol	unknown	6.0
1771558705.001342	zeek	counter	zeek_total_sessions_total	protocol	icmp	8.0
1771558705.001342	zeek	counter	zeek_total_sessions_total	protocol	udp	342.0
1771558705.001342	zeek	counter	zeek_total_sessions_total	protocol	tcp	117.0
1771558705.001342	zeek	gauge	zeek_version_info	beta,commit,debug,major,minor,patch,version_number,version_string	false,0,false,8,1,0,80100,8.1.0	1.0
1771558705.001342	zeek	gauge	zeek_net_packet_lag_seconds	(empty)	(empty)	48.485306
1771558705.001342	zeek	gauge	zeek_net_timestamp_seconds	(empty)	(empty)	1771558705.001342
1771558705.001342	zeek	gauge	zeek_msgthread_active_threads	(empty)	(empty)	17.0
1771558705.001342	zeek	gauge	zeek_msgthread_pending_in_messages	(empty)	(empty)	0.0
1771558705.001342	zeek	gauge	zeek_msgthread_pending_out_messages	(empty)	(empty)	0.0
1771558705.001342	zeek	gauge	zeek_msgthread_pending_messages_in_buckets	leq	inf	17.0
1771558705.001342	zeek	gauge	zeek_msgthread_pending_messages_in_buckets	leq	1000	17.0
1771558705.001342	zeek	gauge	zeek_msgthread_pending_messages_in_buckets	leq	10000	17.0
1771558705.001342	zeek	gauge	zeek_msgthread_pending_messages_in_buckets	leq	10	17.0
1771558705.001342	zeek	gauge	zeek_msgthread_pending_messages_in_buckets	leq	100	17.0
1771558705.001342	zeek	gauge	zeek_msgthread_pending_messages_in_buckets	leq	1	17.0
1771558705.001342	zeek	gauge	zeek_msgthread_pending_messages_out_buckets	leq	inf	17.0
1771558705.001342	zeek	gauge	zeek_msgthread_pending_messages_out_buckets	leq	1000	17.0
1771558705.001342	zeek	gauge	zeek_msgthread_pending_messages_out_buckets	leq	10000	17.0
1771558705.001342	zeek	gauge	zeek_msgthread_pending_messages_out_buckets	leq	10	17.0
1771558705.001342	zeek	gauge	zeek_msgthread_pending_messages_out_buckets	leq	100	17.0
1771558705.001342	zeek	gauge	zeek_msgthread_pending_messages_out_buckets	leq	1	17.0
1771558705.001342	zeek	gauge	zeek_broker_peers	(empty)	(empty)	0.0
1771558705.001342	zeek	gauge	zeek_broker_stores	(empty)	(empty)	1.0
1771558705.001342	zeek	gauge	zeek_broker_pending_queries	(empty)	(empty)	0.0
1771558705.001342	zeek	gauge	zeek_timers_lag_time_seconds	(empty)	(empty)	0.000835
1771558705.001342	zeek	gauge	zeek_timers_pending	type	StorageExpire	1.0
1771558705.001342	zeek	gauge	zeek_timers_pending	type	LogDelayExpire	0.0
1771558705.001342	zeek	gauge	zeek_timers_pending	type	UnknownProtocolExpire	0.0
1771558705.001342	zeek	gauge	zeek_timers_pending	type	TimerMgrExpireTimer	0.0
1771558705.001342	zeek	gauge	zeek_timers_pending	type	LogFlushWriteBufferTimer	1.0
1771558705.001342	zeek	gauge	zeek_timers_pending	type	ParentProcessIDCheck	0.0
1771558705.001342	zeek	gauge	zeek_timers_pending	type	TriggerTimer	0.0
1771558705.001342	zeek	gauge	zeek_timers_pending	type	TCPConnectionResetTimer	0.0
1771558705.001342	zeek	gauge	zeek_timers_pending	type	TCPConnectionAttemptTimer	0.0
1771558705.001342	zeek	gauge	zeek_timers_pending	type	TableValTimer	34.0
1771558705.001342	zeek	gauge	zeek_timers_pending	type	NetworkTimer	0.0
1771558705.001342	zeek	gauge	zeek_timers_pending	type	RemoveConnection	0.0
1771558705.001342	zeek	gauge	zeek_timers_pending	type	NetWeirdTimer	0.0
1771558705.001342	zeek	gauge	zeek_timers_pending	type	IPTunnelInactivityTimer	0.0
1771558705.001342	zeek	gauge	zeek_timers_pending	type	RotateTimer	0.0
1771558705.001342	zeek	gauge	zeek_timers_pending	type	InterconnTimer	0.0
1771558705.001342	zeek	gauge	zeek_timers_pending	type	NTPExpireTimer	0.0
1771558705.001342	zeek	gauge	zeek_timers_pending	type	FragTimer	0.0
1771558705.001342	zeek	gauge	zeek_timers_pending	type	ScheduleTimer	6.0
1771558705.001342	zeek	gauge	zeek_timers_pending	type	TCPConnectionPartialClose	0.0
1771558705.001342	zeek	gauge	zeek_timers_pending	type	TCPConnectionExpireTimer	32.0
1771558705.001342	zeek	gauge	zeek_timers_pending	type	FlowWeirdTimer	0.0
1771558705.001342	zeek	gauge	zeek_timers_pending	type	ConnectionInactivityTimer	76.0
1771558705.001342	zeek	gauge	zeek_timers_pending	type	ThreadHeartbeat	1.0
1771558705.001342	zeek	gauge	zeek_timers_pending	type	BackdoorTimer	0.0
1771558705.001342	zeek	gauge	zeek_timers_pending	type	FileAnalysisInactivityTimer	6.0
1771558705.001342	zeek	gauge	zeek_timers_pending	type	ConnectionStatusUpdateTimer	0.0
1771558705.001342	zeek	gauge	zeek_timers_pending	type	TCPConnectionDeleteTimer	0.0
1771558705.001342	zeek	gauge	zeek_timers_pending	type	ProfileTimer	0.0
1771558705.001342	zeek	gauge	zeek_timers_pending	type	ConnectionExpireTimer	0.0
1771558705.001342	zeek	gauge	zeek_timers_pending	type	DNSExpireTimer	13.0
1771558705.001342	zeek	gauge	zeek_timers_pending	type	BreakpointTimer	0.0
1771558705.001342	zeek	gauge	zeek_timers_pending	type	RPCExpireTimer	0.0
1771558705.001342	zeek	gauge	zeek_timers_pending	type	NetbiosExpireTimer	0.0
1771558705.001342	zeek	gauge	zeek_timers_pending	type	ConnTupleWeirdTimer	0.0
1771558705.001342	zeek	gauge	zeek_timers_pending	type	ConnectionDeleteTimer	0.0
1771558705.001342	zeek	gauge	zeek_dnsmgr_pending_asyncs_requests	(empty)	(empty)	0.0
1771558705.001342	zeek	gauge	zeek_dnsmgr_cache_entries	type	text	0.0
1771558705.001342	zeek	gauge	zeek_dnsmgr_cache_entries	type	address	0.0
1771558705.001342	zeek	gauge	zeek_dnsmgr_cache_entries	type	host	0.0
1771558705.001342	zeek	gauge	zeek_pending_triggers	(empty)	(empty)	0.0
1771558705.001342	zeek	gauge	zeek_active_sessions	protocol	unknown	2.0
1771558705.001342	zeek	gauge	zeek_active_sessions	protocol	icmp	2.0
1771558705.001342	zeek	gauge	zeek_active_sessions	protocol	udp	49.0
1771558705.001342	zeek	gauge	zeek_active_sessions	protocol	tcp	23.0
1771558705.001342	zeek	counter	process_cpu_user_seconds_total	(empty)	(empty)	1.462
1771558705.001342	zeek	counter	process_cpu_system_seconds_total	(empty)	(empty)	0.389
1771558705.001342	zeek	gauge	process_resident_memory_bytes	(empty)	(empty)	114802688.0
1771558705.001342	zeek	gauge	process_virtual_memory_bytes	(empty)	(empty)	445860773888.0
1771558705.001342	zeek	gauge	process_open_fds	(empty)	(empty)	70.0
1771558705.001342	zeek	gauge	process_start_time_seconds	(empty)	(empty)	1771558464.652221
1771558760.860599	zeek	counter	zeek_log_stream_writes_total	module,stream	Reporter,Reporter::LOG	2.0
1771558760.860599	zeek	counter	zeek_log_stream_writes_total	module,stream	CaptureLoss,CaptureLoss::LOG	2.0
1771558760.860599	zeek	counter	zeek_log_stream_writes_total	module,stream	HTTP,HTTP::LOG	12.0
1771558760.860599	zeek	counter	zeek_log_stream_writes_total	module,stream	Conn,Conn::LOG	554.0
1771558760.860599	zeek	counter	zeek_log_stream_writes_total	module,stream	QUIC,QUIC::LOG	54.0
1771558760.860599	zeek	counter	zeek_log_stream_writes_total	module,stream	OCSP,OCSP::LOG	1.0
1771558760.860599	zeek	counter	zeek_log_stream_writes_total	module,stream	Files,Files::LOG	15.0
1771558760.860599	zeek	counter	zeek_log_stream_writes_total	module,stream	Known,Known::HOSTS_LOG	7.0
1771558760.860599	zeek	counter	zeek_log_stream_writes_total	module,stream	X509,X509::LOG	2.0
1771558760.860599	zeek	counter	zeek_log_stream_writes_total	module,stream	SSL,SSL::LOG	156.0
1771558760.860599	zeek	counter	zeek_log_stream_writes_total	module,stream	DHCP,DHCP::LOG	29.0
1771558760.860599	zeek	counter	zeek_log_stream_writes_total	module,stream	Stats,Stats::LOG	2.0
1771558760.860599	zeek	counter	zeek_log_stream_writes_total	module,stream	Weird,Weird::LOG	14.0
1771558760.860599	zeek	counter	zeek_log_stream_writes_total	module,stream	LoadedScripts,LoadedScripts::LOG	535.0
1771558760.860599	zeek	counter	zeek_log_stream_writes_total	module,stream	DNS,DNS::LOG	942.0
1771558760.860599	zeek	counter	zeek_log_stream_writes_total	module,stream	Known,Known::SERVICES_LOG	5.0
1771558760.860599	zeek	counter	zeek_log_stream_writes_total	module,stream	PacketFilter,PacketFilter::LOG	1.0
1771558760.860599	zeek	counter	zeek_log_stream_writes_total	module,stream	Telemetry,Telemetry::LOG	1112.0
1771558760.860599	zeek	counter	zeek_log_writer_writes_total	filter_name,module,path,stream,writer	default,QUIC,quic,QUIC::LOG,Log::WRITER_ASCII	54.0
1771558760.860599	zeek	counter	zeek_log_writer_writes_total	filter_name,module,path,stream,writer	default,HTTP,http,HTTP::LOG,Log::WRITER_ASCII	12.0
1771558760.860599	zeek	counter	zeek_log_writer_writes_total	filter_name,module,path,stream,writer	default,Conn,conn,Conn::LOG,Log::WRITER_ASCII	554.0
1771558760.860599	zeek	counter	zeek_log_writer_writes_total	filter_name,module,path,stream,writer	default,Files,files,Files::LOG,Log::WRITER_ASCII	13.0
1771558760.860599	zeek	counter	zeek_log_writer_writes_total	filter_name,module,path,stream,writer	default,Reporter,reporter,Reporter::LOG,Log::WRITER_ASCII	2.0
1771558760.860599	zeek	counter	zeek_log_writer_writes_total	filter_name,module,path,stream,writer	default,OCSP,ocsp,OCSP::LOG,Log::WRITER_ASCII	1.0
1771558760.860599	zeek	counter	zeek_log_writer_writes_total	filter_name,module,path,stream,writer	default,X509,x509,X509::LOG,Log::WRITER_ASCII	1.0
1771558760.860599	zeek	counter	zeek_log_writer_writes_total	filter_name,module,path,stream,writer	default,SSL,ssl,SSL::LOG,Log::WRITER_ASCII	156.0
1771558760.860599	zeek	counter	zeek_log_writer_writes_total	filter_name,module,path,stream,writer	default,Known,known_services,Known::SERVICES_LOG,Log::WRITER_ASCII	5.0
1771558760.860599	zeek	counter	zeek_log_writer_writes_total	filter_name,module,path,stream,writer	default,CaptureLoss,capture_loss,CaptureLoss::LOG,Log::WRITER_ASCII	2.0
1771558760.860599	zeek	counter	zeek_log_writer_writes_total	filter_name,module,path,stream,writer	default,Weird,weird,Weird::LOG,Log::WRITER_ASCII	14.0
1771558760.860599	zeek	counter	zeek_log_writer_writes_total	filter_name,module,path,stream,writer	default,Stats,stats,Stats::LOG,Log::WRITER_ASCII	2.0
1771558760.860599	zeek	counter	zeek_log_writer_writes_total	filter_name,module,path,stream,writer	default,DNS,dns,DNS::LOG,Log::WRITER_ASCII	942.0
1771558760.860599	zeek	counter	zeek_log_writer_writes_total	filter_name,module,path,stream,writer	default,Telemetry,telemetry,Telemetry::LOG,Log::WRITER_ASCII	1112.0
1771558760.860599	zeek	counter	zeek_log_writer_writes_total	filter_name,module,path,stream,writer	default,DHCP,dhcp,DHCP::LOG,Log::WRITER_ASCII	29.0
1771558760.860599	zeek	counter	zeek_log_writer_writes_total	filter_name,module,path,stream,writer	default,PacketFilter,packet_filter,PacketFilter::LOG,Log::WRITER_ASCII	1.0
1771558760.860599	zeek	counter	zeek_log_writer_writes_total	filter_name,module,path,stream,writer	default,LoadedScripts,loaded_scripts,LoadedScripts::LOG,Log::WRITER_ASCII	535.0
1771558760.860599	zeek	counter	zeek_log_writer_writes_total	filter_name,module,path,stream,writer	default,Known,known_hosts,Known::HOSTS_LOG,Log::WRITER_ASCII	7.0
1771558760.860599	zeek	counter	zeek_log_writer_discarded_writes_total	filter_name,module,path,stream,writer	default,QUIC,quic,QUIC::LOG,Log::WRITER_ASCII	0.0
1771558760.860599	zeek	counter	zeek_log_writer_discarded_writes_total	filter_name,module,path,stream,writer	default,HTTP,http,HTTP::LOG,Log::WRITER_ASCII	0.0
1771558760.860599	zeek	counter	zeek_log_writer_discarded_writes_total	filter_name,module,path,stream,writer	default,Conn,conn,Conn::LOG,Log::WRITER_ASCII	0.0
1771558760.860599	zeek	counter	zeek_log_writer_discarded_writes_total	filter_name,module,path,stream,writer	default,Files,files,Files::LOG,Log::WRITER_ASCII	0.0
1771558760.860599	zeek	counter	zeek_log_writer_discarded_writes_total	filter_name,module,path,stream,writer	default,Reporter,reporter,Reporter::LOG,Log::WRITER_ASCII	0.0
1771558760.860599	zeek	counter	zeek_log_writer_discarded_writes_total	filter_name,module,path,stream,writer	default,OCSP,ocsp,OCSP::LOG,Log::WRITER_ASCII	0.0
1771558760.860599	zeek	counter	zeek_log_writer_discarded_writes_total	filter_name,module,path,stream,writer	default,X509,x509,X509::LOG,Log::WRITER_ASCII	0.0
1771558760.860599	zeek	counter	zeek_log_writer_discarded_writes_total	filter_name,module,path,stream,writer	default,SSL,ssl,SSL::LOG,Log::WRITER_ASCII	0.0
1771558760.860599	zeek	counter	zeek_log_writer_discarded_writes_total	filter_name,module,path,stream,writer	default,Known,known_services,Known::SERVICES_LOG,Log::WRITER_ASCII	0.0
1771558760.860599	zeek	counter	zeek_log_writer_discarded_writes_total	filter_name,module,path,stream,writer	default,CaptureLoss,capture_loss,CaptureLoss::LOG,Log::WRITER_ASCII	0.0
1771558760.860599	zeek	counter	zeek_log_writer_discarded_writes_total	filter_name,module,path,stream,writer	default,Weird,weird,Weird::LOG,Log::WRITER_ASCII	0.0
1771558760.860599	zeek	counter	zeek_log_writer_discarded_writes_total	filter_name,module,path,stream,writer	default,Stats,stats,Stats::LOG,Log::WRITER_ASCII	0.0
1771558760.860599	zeek	counter	zeek_log_writer_discarded_writes_total	filter_name,module,path,stream,writer	default,DNS,dns,DNS::LOG,Log::WRITER_ASCII	0.0
1771558760.860599	zeek	counter	zeek_log_writer_discarded_writes_total	filter_name,module,path,stream,writer	default,Telemetry,telemetry,Telemetry::LOG,Log::WRITER_ASCII	0.0
1771558760.860599	zeek	counter	zeek_log_writer_discarded_writes_total	filter_name,module,path,stream,writer	default,DHCP,dhcp,DHCP::LOG,Log::WRITER_ASCII	0.0
1771558760.860599	zeek	counter	zeek_log_writer_discarded_writes_total	filter_name,module,path,stream,writer	default,PacketFilter,packet_filter,PacketFilter::LOG,Log::WRITER_ASCII	0.0
1771558760.860599	zeek	counter	zeek_log_writer_discarded_writes_total	filter_name,module,path,stream,writer	default,LoadedScripts,loaded_scripts,LoadedScripts::LOG,Log::WRITER_ASCII	0.0
1771558760.860599	zeek	counter	zeek_log_writer_discarded_writes_total	filter_name,module,path,stream,writer	default,Known,known_hosts,Known::HOSTS_LOG,Log::WRITER_ASCII	0.0
1771558760.860599	zeek	counter	zeek_log_writer_truncated_string_fields_total	filter_name,module,path,stream,writer	default,QUIC,quic,QUIC::LOG,Log::WRITER_ASCII	0.0
1771558760.860599	zeek	counter	zeek_log_writer_truncated_string_fields_total	filter_name,module,path,stream,writer	default,HTTP,http,HTTP::LOG,Log::WRITER_ASCII	0.0
1771558760.860599	zeek	counter	zeek_log_writer_truncated_string_fields_total	filter_name,module,path,stream,writer	default,Conn,conn,Conn::LOG,Log::WRITER_ASCII	0.0
1771558760.860599	zeek	counter	zeek_log_writer_truncated_string_fields_total	filter_name,module,path,stream,writer	default,Files,files,Files::LOG,Log::WRITER_ASCII	0.0
1771558760.860599	zeek	counter	zeek_log_writer_truncated_string_fields_total	filter_name,module,path,stream,writer	default,Reporter,reporter,Reporter::LOG,Log::WRITER_ASCII	0.0
1771558760.860599	zeek	counter	zeek_log_writer_truncated_string_fields_total	filter_name,module,path,stream,writer	default,OCSP,ocsp,OCSP::LOG,Log::WRITER_ASCII	0.0
1771558760.860599	zeek	counter	zeek_log_writer_truncated_string_fields_total	filter_name,module,path,stream,writer	default,X509,x509,X509::LOG,Log::WRITER_ASCII	0.0
1771558760.860599	zeek	counter	zeek_log_writer_truncated_string_fields_total	filter_name,module,path,stream,writer	default,SSL,ssl,SSL::LOG,Log::WRITER_ASCII	0.0
1771558760.860599	zeek	counter	zeek_log_writer_truncated_string_fields_total	filter_name,module,path,stream,writer	default,Known,known_services,Known::SERVICES_LOG,Log::WRITER_ASCII	0.0
1771558760.860599	zeek	counter	zeek_log_writer_truncated_string_fields_total	filter_name,module,path,stream,writer	default,CaptureLoss,capture_loss,CaptureLoss::LOG,Log::WRITER_ASCII	0.0
1771558760.860599	zeek	counter	zeek_log_writer_truncated_string_fields_total	filter_name,module,path,stream,writer	default,Weird,weird,Weird::LOG,Log::WRITER_ASCII	0.0
1771558760.860599	zeek	counter	zeek_log_writer_truncated_string_fields_total	filter_name,module,path,stream,writer	default,Stats,stats,Stats::LOG,Log::WRITER_ASCII	0.0
1771558760.860599	zeek	counter	zeek_log_writer_truncated_string_fields_total	filter_name,module,path,stream,writer	default,DNS,dns,DNS::LOG,Log::WRITER_ASCII	0.0
1771558760.860599	zeek	counter	zeek_log_writer_truncated_string_fields_total	filter_name,module,path,stream,writer	default,Telemetry,telemetry,Telemetry::LOG,Log::WRITER_ASCII	0.0
1771558760.860599	zeek	counter	zeek_log_writer_truncated_string_fields_total	filter_name,module,path,stream,writer	default,DHCP,dhcp,DHCP::LOG,Log::WRITER_ASCII	0.0
1771558760.860599	zeek	counter	zeek_log_writer_truncated_string_fields_total	filter_name,module,path,stream,writer	default,PacketFilter,packet_filter,PacketFilter::LOG,Log::WRITER_ASCII	0.0
1771558760.860599	zeek	counter	zeek_log_writer_truncated_string_fields_total	filter_name,module,path,stream,writer	default,LoadedScripts,loaded_scripts,LoadedScripts::LOG,Log::WRITER_ASCII	0.0
1771558760.860599	zeek	counter	zeek_log_writer_truncated_string_fields_total	filter_name,module,path,stream,writer	default,Known,known_hosts,Known::HOSTS_LOG,Log::WRITER_ASCII	0.0
1771558760.860599	zeek	counter	zeek_log_writer_truncated_containers_total	filter_name,module,path,stream,writer	default,QUIC,quic,QUIC::LOG,Log::WRITER_ASCII	0.0
1771558760.860599	zeek	counter	zeek_log_writer_truncated_containers_total	filter_name,module,path,stream,writer	default,HTTP,http,HTTP::LOG,Log::WRITER_ASCII	0.0
1771558760.860599	zeek	counter	zeek_log_writer_truncated_containers_total	filter_name,module,path,stream,writer	default,Conn,conn,Conn::LOG,Log::WRITER_ASCII	0.0
1771558760.860599	zeek	counter	zeek_log_writer_truncated_containers_total	filter_name,module,path,stream,writer	default,Files,files,Files::LOG,Log::WRITER_ASCII	0.0
1771558760.860599	zeek	counter	zeek_log_writer_truncated_containers_total	filter_name,module,path,stream,writer	default,Reporter,reporter,Reporter::LOG,Log::WRITER_ASCII	0.0
1771558760.860599	zeek	counter	zeek_log_writer_truncated_containers_total	filter_name,module,path,stream,writer	default,OCSP,ocsp,OCSP::LOG,Log::WRITER_ASCII	0.0
1771558760.860599	zeek	counter	zeek_log_writer_truncated_containers_total	filter_name,module,path,stream,writer	default,X509,x509,X509::LOG,Log::WRITER_ASCII	0.0
1771558760.860599	zeek	counter	zeek_log_writer_truncated_containers_total	filter_name,module,path,stream,writer	default,SSL,ssl,SSL::LOG,Log::WRITER_ASCII	0.0
1771558760.860599	zeek	counter	zeek_log_writer_truncated_containers_total	filter_name,module,path,stream,writer	default,Known,known_services,Known::SERVICES_LOG,Log::WRITER_ASCII	0.0
1771558760.860599	zeek	counter	zeek_log_writer_truncated_containers_total	filter_name,module,path,stream,writer	default,CaptureLoss,capture_loss,CaptureLoss::LOG,Log::WRITER_ASCII	0.0
1771558760.860599	zeek	counter	zeek_log_writer_truncated_containers_total	filter_name,module,path,stream,writer	default,Weird,weird,Weird::LOG,Log::WRITER_ASCII	0.0
1771558760.860599	zeek	counter	zeek_log_writer_truncated_containers_total	filter_name,module,path,stream,writer	default,Stats,stats,Stats::LOG,Log::WRITER_ASCII	0.0
1771558760.860599	zeek	counter	zeek_log_writer_truncated_containers_total	filter_name,module,path,stream,writer	default,DNS,dns,DNS::LOG,Log::WRITER_ASCII	0.0
1771558760.860599	zeek	counter	zeek_log_writer_truncated_containers_total	filter_name,module,path,stream,writer	default,Telemetry,telemetry,Telemetry::LOG,Log::WRITER_ASCII	0.0
1771558760.860599	zeek	counter	zeek_log_writer_truncated_containers_total	filter_name,module,path,stream,writer	default,DHCP,dhcp,DHCP::LOG,Log::WRITER_ASCII	0.0
1771558760.860599	zeek	counter	zeek_log_writer_truncated_containers_total	filter_name,module,path,stream,writer	default,PacketFilter,packet_filter,PacketFilter::LOG,Log::WRITER_ASCII	0.0
1771558760.860599	zeek	counter	zeek_log_writer_truncated_containers_total	filter_name,module,path,stream,writer	default,LoadedScripts,loaded_scripts,LoadedScripts::LOG,Log::WRITER_ASCII	0.0
1771558760.860599	zeek	counter	zeek_log_writer_truncated_containers_total	filter_name,module,path,stream,writer	default,Known,known_hosts,Known::HOSTS_LOG,Log::WRITER_ASCII	0.0
1771558760.860599	zeek	counter	zeek_net_received_bytes_total	(empty)	(empty)	724239864.0
1771558760.860599	zeek	counter	zeek_net_received_packets_total	(empty)	(empty)	572128.0
1771558760.860599	zeek	counter	zeek_net_dropped_packets_total	(empty)	(empty)	0.0
1771558760.860599	zeek	counter	zeek_net_link_packets_total	(empty)	(empty)	575948.0
1771558760.860599	zeek	counter	zeek_msgthread_threads_total	(empty)	(empty)	18.0
1771558760.860599	zeek	counter	zeek_msgthread_in_messages_total	(empty)	(empty)	728.0
1771558760.860599	zeek	counter	zeek_msgthread_out_messages_total	(empty)	(empty)	0.0
1771558760.860599	zeek	counter	zeek_cluster_core_outgoing_events_total	(empty)	(empty)	2.0
1771558760.860599	zeek	counter	zeek_cluster_core_incoming_events_total	(empty)	(empty)	0.0
1771558760.860599	zeek	counter	zeek_broker_incoming_events_total	(empty)	(empty)	0.0
1771558760.860599	zeek	counter	zeek_broker_outgoing_events_total	(empty)	(empty)	0.0
1771558760.860599	zeek	counter	zeek_broker_incoming_logs_total	(empty)	(empty)	0.0
1771558760.860599	zeek	counter	zeek_broker_outgoing_logs_total	(empty)	(empty)	0.0
1771558760.860599	zeek	counter	zeek_broker_incoming_ids_total	(empty)	(empty)	0.0
1771558760.860599	zeek	counter	zeek_broker_outgoing_ids_total	(empty)	(empty)	0.0
1771558760.860599	zeek	counter	zeek_timers_total	(empty)	(empty)	5409.0
1771558760.860599	zeek	counter	zeek_dnsmgr_requests_total	(empty)	(empty)	0.0
1771558760.860599	zeek	counter	zeek_dnsmgr_successful_requests_total	(empty)	(empty)	0.0
1771558760.860599	zeek	counter	zeek_dnsmgr_failed_requests_total	(empty)	(empty)	0.0
1771558760.860599	zeek	counter	zeek_triggers_total	(empty)	(empty)	0.0
1771558760.860599	zeek	counter	zeek_ended_sessions_total	reason	inactivity	110.0
1771558760.860599	zeek	counter	zeek_event_handler_invocations_total	name	dns_HTTPS	4.0
1771558760.860599	zeek	counter	zeek_event_handler_invocations_total	name	http_message_done	24.0
1771558760.860599	zeek	counter	zeek_event_handler_invocations_total	name	http_end_entity	24.0
1771558760.860599	zeek	counter	zeek_event_handler_invocations_total	name	http_header	10.0
1771558760.860599	zeek	counter	zeek_event_handler_invocations_total	name	http_request	12.0
1771558760.860599	zeek	counter	zeek_event_handler_invocations_total	name	dns_TXT_reply	27.0
1771558760.860599	zeek	counter	zeek_event_handler_invocations_total	name	dns_SRV_reply	15.0
1771558760.860599	zeek	counter	zeek_event_handler_invocations_total	name	x509_ext_basic_constraints	2.0
1771558760.860599	zeek	counter	zeek_event_handler_invocations_total	name	x509_ocsp_ext_signed_certificate_timestamp	3.0
1771558760.860599	zeek	counter	zeek_event_handler_invocations_total	name	x509_ext_subject_alternative_name	1.0
1771558760.860599	zeek	counter	zeek_event_handler_invocations_total	name	x509_extension	18.0
1771558760.860599	zeek	counter	zeek_event_handler_invocations_total	name	conn_weird	107.0
1771558760.860599	zeek	counter	zeek_event_handler_invocations_total	name	ssl_client_hello	158.0
1771558760.860599	zeek	counter	zeek_event_handler_invocations_total	name	file_sniff	15.0
1771558760.860599	zeek	counter	zeek_event_handler_invocations_total	name	ssl_extension_key_share	315.0
1771558760.860599	zeek	counter	zeek_event_handler_invocations_total	name	dns_rejected	29.0
1771558760.860599	zeek	counter	zeek_event_handler_invocations_total	name	http_begin_entity	24.0
1771558760.860599	zeek	counter	zeek_event_handler_invocations_total	name	ocsp_response_certificate	1.0
1771558760.860599	zeek	counter	zeek_event_handler_invocations_total	name	ssl_established	102.0
1771558760.860599	zeek	counter	zeek_event_handler_invocations_total	name	file_over_new_connection	15.0
1771558760.860599	zeek	counter	zeek_event_handler_invocations_total	name	QUIC::discarded_packet	1.0
1771558760.860599	zeek	counter	zeek_event_handler_invocations_total	name	ssl_change_cipher_spec	204.0
1771558760.860599	zeek	counter	zeek_event_handler_invocations_total	name	connection_state_remove	554.0
1771558760.860599	zeek	counter	zeek_event_handler_invocations_total	name	known_service_add	6.0
1771558760.860599	zeek	counter	zeek_event_handler_invocations_total	name	ssl_extension_server_name	158.0
1771558760.860599	zeek	counter	zeek_event_handler_invocations_total	name	NetControl::init	1.0
1771558760.860599	zeek	counter	zeek_event_handler_invocations_total	name	service_info_commit	193.0
1771558760.860599	zeek	counter	zeek_event_handler_invocations_total	name	ssl_ecdh_server_params	1.0
1771558760.860599	zeek	counter	zeek_event_handler_invocations_total	name	known_host_add	7.0
1771558760.860599	zeek	counter	zeek_event_handler_invocations_total	name	grab_vulnerable_versions	3.0
1771558760.860599	zeek	counter	zeek_event_handler_invocations_total	name	connection_established	114.0
1771558760.860599	zeek	counter	zeek_event_handler_invocations_total	name	reporter_info	2.0
1771558760.860599	zeek	counter	zeek_event_handler_invocations_total	name	ssl_server_hello	158.0
1771558760.860599	zeek	counter	zeek_event_handler_invocations_total	name	dns_AAAA_reply	66.0
1771558760.860599	zeek	counter	zeek_event_handler_invocations_total	name	dns_A_reply	283.0
1771558760.860599	zeek	counter	zeek_event_handler_invocations_total	name	ChecksumOffloading::check	2.0
1771558760.860599	zeek	counter	zeek_event_handler_invocations_total	name	QUIC::handshake_packet	142.0
1771558760.860599	zeek	counter	zeek_event_handler_invocations_total	name	net_done	1.0
1771558760.860599	zeek	counter	zeek_event_handler_invocations_total	name	Known::host_found	168.0
1771558760.860599	zeek	counter	zeek_event_handler_invocations_total	name	get_file_handle	36.0
1771558760.860599	zeek	counter	zeek_event_handler_invocations_total	name	ssl_plaintext_data	526.0
1771558760.860599	zeek	counter	zeek_event_handler_invocations_total	name	dns_PTR_reply	260.0
1771558760.860599	zeek	counter	zeek_event_handler_invocations_total	name	zeek_done	1.0
1771558760.860599	zeek	counter	zeek_event_handler_invocations_total	name	dns_CNAME_reply	86.0
1771558760.860599	zeek	counter	zeek_event_handler_invocations_total	name	ssl_extension_supported_versions	315.0
1771558760.860599	zeek	counter	zeek_event_handler_invocations_total	name	x509_certificate	2.0
1771558760.860599	zeek	counter	zeek_event_handler_invocations_total	name	Telemetry::log	6.0
1771558760.860599	zeek	counter	zeek_event_handler_invocations_total	name	ssl_extension	3060.0
1771558760.860599	zeek	counter	zeek_event_handler_invocations_total	name	ssl_extension_application_layer_protocol_negotiation	159.0
1771558760.860599	zeek	counter	zeek_event_handler_invocations_total	name	file_new	15.0
1771558760.860599	zeek	counter	zeek_event_handler_invocations_total	name	net_stats_update	2.0
1771558760.860599	zeek	counter	zeek_event_handler_invocations_total	name	file_state_remove	15.0
1771558760.860599	zeek	counter	zeek_event_handler_invocations_total	name	QUIC::initial_packet	385.0
1771558760.860599	zeek	counter	zeek_event_handler_invocations_total	name	SumStats::finish_epoch	3.0
1771558760.860599	zeek	counter	zeek_event_handler_invocations_total	name	zeek_init	1.0
1771558760.860599	zeek	counter	zeek_event_handler_invocations_total	name	dns_end	1125.0
1771558760.860599	zeek	counter	zeek_event_handler_invocations_total	name	analyzer_confirmation_info	495.0
1771558760.860599	zeek	counter	zeek_event_handler_invocations_total	name	connection_flipped	19.0
1771558760.860599	zeek	counter	zeek_event_handler_invocations_total	name	dns_message	1125.0
1771558760.860599	zeek	counter	zeek_event_handler_invocations_total	name	check_stats	2.0
1771558760.860599	zeek	counter	zeek_event_handler_invocations_total	name	ssl_handshake_message	322.0
1771558760.860599	zeek	counter	zeek_event_handler_invocations_total	name	dns_request	1127.0
1771558760.860599	zeek	counter	zeek_event_handler_invocations_total	name	zeek_script_loaded	535.0
1771558760.860599	zeek	counter	zeek_event_handler_invocations_total	name	QUIC::short_header_packet_threshold_crossed	526.0
1771558760.860599	zeek	counter	zeek_event_handler_invocations_total	name	CaptureLoss::take_measurement	3.0
1771558760.860599	zeek	counter	zeek_event_handler_invocations_total	name	DHCP::aggregate_msgs	48.0
1771558760.860599	zeek	counter	zeek_event_handler_invocations_total	name	dhcp_message	48.0
1771558760.860599	zeek	counter	zeek_event_handler_invocations_total	name	new_connection	554.0
1771558760.860599	zeek	counter	zeek_event_handler_invocations_total	name	Broker::log_flush	274.0
1771558760.860599	zeek	counter	zeek_event_handler_invocations_total	name	http_reply	12.0
1771558760.860599	zeek	counter	zeek_event_handler_invocations_total	name	filter_change_tracking	3.0
1771558760.860599	zeek	counter	zeek_event_handler_invocations_total	name	file_hash	45.0
1771558760.860599	zeek	counter	zeek_event_handler_invocations_total	name	QUIC::zero_rtt_packet	84.0
1771558760.860599	zeek	counter	zeek_total_sessions_total	protocol	unknown	7.0
1771558760.860599	zeek	counter	zeek_total_sessions_total	protocol	icmp	12.0
1771558760.860599	zeek	counter	zeek_total_sessions_total	protocol	udp	402.0
1771558760.860599	zeek	counter	zeek_total_sessions_total	protocol	tcp	133.0
1771558760.860599	zeek	gauge	zeek_version_info	beta,commit,debug,major,minor,patch,version_number,version_string	false,0,false,8,1,0,80100,8.1.0	1.0
1771558760.860599	zeek	gauge	zeek_net_packet_lag_seconds	(empty)	(empty)	66.371111
1771558760.860599	zeek	gauge	zeek_net_timestamp_seconds	(empty)	(empty)	1771558760.860599
1771558760.860599	zeek	gauge	zeek_msgthread_active_threads	(empty)	(empty)	18.0
1771558760.860599	zeek	gauge	zeek_msgthread_pending_in_messages	(empty)	(empty)	0.0
1771558760.860599	zeek	gauge	zeek_msgthread_pending_out_messages	(empty)	(empty)	0.0
1771558760.860599	zeek	gauge	zeek_msgthread_pending_messages_in_buckets	leq	inf	18.0
1771558760.860599	zeek	gauge	zeek_msgthread_pending_messages_in_buckets	leq	1000	18.0
1771558760.860599	zeek	gauge	zeek_msgthread_pending_messages_in_buckets	leq	10000	18.0
1771558760.860599	zeek	gauge	zeek_msgthread_pending_messages_in_buckets	leq	10	18.0
1771558760.860599	zeek	gauge	zeek_msgthread_pending_messages_in_buckets	leq	100	18.0
1771558760.860599	zeek	gauge	zeek_msgthread_pending_messages_in_buckets	leq	1	18.0
1771558760.860599	zeek	gauge	zeek_msgthread_pending_messages_out_buckets	leq	inf	18.0
1771558760.860599	zeek	gauge	zeek_msgthread_pending_messages_out_buckets	leq	1000	18.0
1771558760.860599	zeek	gauge	zeek_msgthread_pending_messages_out_buckets	leq	10000	18.0
1771558760.860599	zeek	gauge	zeek_msgthread_pending_messages_out_buckets	leq	10	18.0
1771558760.860599	zeek	gauge	zeek_msgthread_pending_messages_out_buckets	leq	100	18.0
1771558760.860599	zeek	gauge	zeek_msgthread_pending_messages_out_buckets	leq	1	18.0
1771558760.860599	zeek	gauge	zeek_broker_peers	(empty)	(empty)	0.0
1771558760.860599	zeek	gauge	zeek_broker_stores	(empty)	(empty)	1.0
1771558760.860599	zeek	gauge	zeek_broker_pending_queries	(empty)	(empty)	0.0
1771558760.860599	zeek	gauge	zeek_timers_lag_time_seconds	(empty)	(empty)	1771558760.860599
1771558760.860599	zeek	gauge	zeek_timers_pending	type	StorageExpire	0.0
1771558760.860599	zeek	gauge	zeek_timers_pending	type	LogDelayExpire	0.0
1771558760.860599	zeek	gauge	zeek_timers_pending	type	UnknownProtocolExpire	0.0
1771558760.860599	zeek	gauge	zeek_timers_pending	type	TimerMgrExpireTimer	0.0
1771558760.860599	zeek	gauge	zeek_timers_pending	type	LogFlushWriteBufferTimer	0.0
1771558760.860599	zeek	gauge	zeek_timers_pending	type	ParentProcessIDCheck	0.0
1771558760.860599	zeek	gauge	zeek_timers_pending	type	TriggerTimer	0.0
1771558760.860599	zeek	gauge	zeek_timers_pending	type	TCPConnectionResetTimer	0.0
1771558760.860599	zeek	gauge	zeek_timers_pending	type	TCPConnectionAttemptTimer	0.0
1771558760.860599	zeek	gauge	zeek_timers_pending	type	TableValTimer	0.0
1771558760.860599	zeek	gauge	zeek_timers_pending	type	NetworkTimer	0.0
1771558760.860599	zeek	gauge	zeek_timers_pending	type	RemoveConnection	0.0
1771558760.860599	zeek	gauge	zeek_timers_pending	type	NetWeirdTimer	0.0
1771558760.860599	zeek	gauge	zeek_timers_pending	type	IPTunnelInactivityTimer	0.0
1771558760.860599	zeek	gauge	zeek_timers_pending	type	RotateTimer	0.0
1771558760.860599	zeek	gauge	zeek_timers_pending	type	InterconnTimer	0.0
1771558760.860599	zeek	gauge	zeek_timers_pending	type	NTPExpireTimer	0.0
1771558760.860599	zeek	gauge	zeek_timers_pending	type	FragTimer	0.0
1771558760.860599	zeek	gauge	zeek_timers_pending	type	ScheduleTimer	0.0
1771558760.860599	zeek	gauge	zeek_timers_pending	type	TCPConnectionPartialClose	0.0
1771558760.860599	zeek	gauge	zeek_timers_pending	type	TCPConnectionExpireTimer	0.0
1771558760.860599	zeek	gauge	zeek_timers_pending	type	FlowWeirdTimer	0.0
1771558760.860599	zeek	gauge	zeek_timers_pending	type	ConnectionInactivityTimer	0.0
1771558760.860599	zeek	gauge	zeek_timers_pending	type	ThreadHeartbeat	0.0
1771558760.860599	zeek	gauge	zeek_timers_pending	type	BackdoorTimer	0.0
1771558760.860599	zeek	gauge	zeek_timers_pending	type	FileAnalysisInactivityTimer	0.0
1771558760.860599	zeek	gauge	zeek_timers_pending	type	ConnectionStatusUpdateTimer	0.0
1771558760.860599	zeek	gauge	zeek_timers_pending	type	TCPConnectionDeleteTimer	0.0
1771558760.860599	zeek	gauge	zeek_timers_pending	type	ProfileTimer	0.0
1771558760.860599	zeek	gauge	zeek_timers_pending	type	ConnectionExpireTimer	0.0
1771558760.860599	zeek	gauge	zeek_timers_pending	type	DNSExpireTimer	0.0
1771558760.860599	zeek	gauge	zeek_timers_pending	type	BreakpointTimer	0.0
1771558760.860599	zeek	gauge	zeek_timers_pending	type	RPCExpireTimer	0.0
1771558760.860599	zeek	gauge	zeek_timers_pending	type	NetbiosExpireTimer	0.0
1771558760.860599	zeek	gauge	zeek_timers_pending	type	ConnTupleWeirdTimer	0.0
1771558760.860599	zeek	gauge	zeek_timers_pending	type	ConnectionDeleteTimer	0.0
1771558760.860599	zeek	gauge	zeek_dnsmgr_pending_asyncs_requests	(empty)	(empty)	0.0
1771558760.860599	zeek	gauge	zeek_dnsmgr_cache_entries	type	text	0.0
1771558760.860599	zeek	gauge	zeek_dnsmgr_cache_entries	type	address	0.0
1771558760.860599	zeek	gauge	zeek_dnsmgr_cache_entries	type	host	0.0
1771558760.860599	zeek	gauge	zeek_pending_triggers	(empty)	(empty)	0.0
1771558760.860599	zeek	gauge	zeek_active_sessions	protocol	unknown	2.0
1771558760.860599	zeek	gauge	zeek_active_sessions	protocol	icmp	4.0
1771558760.860599	zeek	gauge	zeek_active_sessions	protocol	udp	38.0
1771558760.860599	zeek	gauge	zeek_active_sessions	protocol	tcp	26.0
1771558760.860599	zeek	counter	process_cpu_user_seconds_total	(empty)	(empty)	1.615
1771558760.860599	zeek	counter	process_cpu_system_seconds_total	(empty)	(empty)	0.432
1771558760.860599	zeek	gauge	process_resident_memory_bytes	(empty)	(empty)	115900416.0
1771558760.860599	zeek	gauge	process_virtual_memory_bytes	(empty)	(empty)	445861347328.0
1771558760.860599	zeek	gauge	process_open_fds	(empty)	(empty)	73.0
1771558760.860599	zeek	gauge	process_start_time_seconds	(empty)	(empty)	1771558464.652221
#close	2026-02-20-10-40-27
